# Blender 4.5.2 LTS
# www.blender.org
mtllib sun_shade.mtl
o sun_shade
v 0.182095 1.988678 -0.064011
v 0.129882 1.997566 -0.054805
v 0.122451 2.007719 -0.077431
v 0.169955 1.998831 -0.100974
v 0.108947 2.007719 -0.097047
v 0.147893 1.998831 -0.133020
v 0.090463 2.007719 -0.112063
v 0.117697 1.998831 -0.157552
v 0.068497 2.007719 -0.121264
v 0.081812 1.998831 -0.172583
v 0.044828 2.007719 -0.123904
v 0.043146 2.001662 -0.176895
v 0.021375 2.007719 -0.119768
v 0.004832 1.998831 -0.170139
v 0.000037 2.007719 -0.109193
v -0.030027 1.997219 -0.152862
v -0.017458 2.007719 -0.093034
v -0.058607 1.997219 -0.126464
v -0.029691 2.007719 -0.072601
v -0.078592 1.998831 -0.093084
v -0.035672 2.007719 -0.049549
v -0.088363 2.003196 -0.055426
v -0.034916 2.007719 -0.025746
v -0.087128 1.986468 -0.016540
v -0.027485 2.007719 -0.003120
v -0.074989 1.998831 0.020423
v -0.013981 2.007719 0.016496
v -0.052927 1.998831 0.064485
v 0.004503 2.007719 0.031512
v -0.022731 1.998831 0.089017
v 0.026469 2.007719 0.040713
v 0.013154 1.998831 0.092032
v 0.050138 2.007719 0.043353
v 0.051820 1.989387 0.096344
v 0.073591 2.007719 0.039217
v 0.090134 1.998831 0.089588
v 0.094929 2.007719 0.028642
v 0.124993 1.998831 0.072311
v 0.112424 2.004836 0.012483
v 0.153573 1.990146 0.045914
v 0.124657 2.007719 -0.007950
v 0.173558 1.998831 0.012533
v 0.130638 1.997566 -0.031001
v 0.183329 1.988678 -0.025125
v 0.292426 1.982563 -0.161673
v 0.316706 1.972411 -0.087747
v 0.248303 1.966274 -0.225764
v 0.187910 1.966274 -0.274828
v 0.116141 1.982563 -0.304890
v 0.038809 1.967072 -0.313514
v -0.037820 1.982563 -0.300002
v -0.107538 1.980951 -0.265449
v -0.164697 1.966367 -0.212653
v -0.204667 1.982563 -0.145893
v -0.224209 1.986929 -0.070576
v -0.221740 1.970201 0.007196
v -0.197460 1.982563 0.081122
v -0.153337 1.975380 0.169175
v -0.092944 1.982563 0.218239
v -0.021175 1.982563 0.224339
v 0.056157 1.962190 0.232963
v 0.132785 1.982563 0.219451
v 0.202504 1.982563 0.184898
v 0.259663 1.946619 0.132103
v 0.299633 1.982563 0.065342
v 0.319175 1.972411 -0.009975
v 0.414898 1.965089 -0.222371
v 0.451317 1.942793 -0.111482
v 0.348713 1.948800 -0.318508
v 0.258124 1.948800 -0.392104
v 0.150470 1.965089 -0.437197
v 0.034472 1.949598 -0.450133
v -0.080471 1.965089 -0.429866
v -0.185048 1.963477 -0.378036
v -0.269636 1.925538 -0.298843
v -0.330741 1.965089 -0.198702
v -0.360055 1.969455 -0.085726
v -0.356351 1.950880 0.030931
v -0.319932 1.965089 0.141820
v -0.253747 1.957906 0.261919
v -0.163158 1.965089 0.335515
v -0.055504 1.965089 0.356646
v 0.060493 1.931817 0.369582
v 0.175437 1.965089 0.349315
v 0.280014 1.965089 0.297485
v 0.365753 1.929145 0.218292
v 0.425707 1.965089 0.118151
v 0.455021 1.954937 0.005176
v 0.537370 1.946548 -0.283070
v 0.585929 1.924252 -0.135218
v 0.449123 1.930259 -0.411252
v 0.328337 1.930259 -0.509380
v 0.184799 1.946548 -0.569504
v 0.030136 1.917477 -0.586753
v -0.123122 1.946548 -0.559729
v -0.262558 1.944936 -0.490622
v -0.376890 1.915762 -0.385031
v -0.456816 1.946548 -0.251511
v -0.495900 1.949067 -0.100876
v -0.490963 1.932338 0.054667
v -0.442404 1.946548 0.202519
v -0.354157 1.939365 0.354664
v -0.233371 1.930735 0.452791
v -0.089833 1.946548 0.488953
v 0.064830 1.892080 0.506202
v 0.218088 1.946548 0.479179
v 0.357524 1.946548 0.410072
v 0.471843 1.905903 0.304481
v 0.551782 1.946548 0.170960
v 0.590867 1.936396 0.020326
v 0.659841 1.928635 -0.343769
v 0.720540 1.906339 -0.158954
v 0.549533 1.891748 -0.501684
v 0.398551 1.912345 -0.626656
v 0.219128 1.928635 -0.701811
v 0.025799 1.899564 -0.723371
v -0.165773 1.928635 -0.689592
v -0.340069 1.927023 -0.603209
v -0.484091 1.906613 -0.471220
v -0.582891 1.928635 -0.304319
v -0.631746 1.923541 -0.116027
v -0.625574 1.914425 0.078403
v -0.564875 1.928635 0.263217
v -0.454567 1.907540 0.447758
v -0.303585 1.912822 0.570067
v -0.124162 1.928635 0.621260
v 0.069167 1.874167 0.642821
v 0.260739 1.928635 0.609042
v 0.435034 1.928635 0.522659
v 0.577933 1.875464 0.390670
v 0.677857 1.928635 0.223769
v 0.726712 1.918482 0.035477
v 0.782313 1.910979 -0.404467
v 0.855151 1.888683 -0.182689
v 0.649943 1.879023 -0.595232
v 0.468764 1.862419 -0.741430
v 0.253457 1.910979 -0.834118
v 0.021462 1.865941 -0.859991
v -0.208425 1.910979 -0.819456
v -0.417579 1.909367 -0.715797
v -0.589057 1.900624 -0.557410
v -0.708966 1.910979 -0.357128
v -0.767593 1.905884 -0.131177
v -0.760185 1.889156 0.102138
v -0.687347 1.910979 0.323916
v -0.554977 1.886534 0.539801
v -0.373798 1.895165 0.687343
v -0.158491 1.910979 0.753567
v 0.073503 1.834902 0.779440
v 0.303390 1.910979 0.738905
v 0.512545 1.910979 0.635246
v 0.685933 1.875209 0.476859
v 0.803932 1.910979 0.276578
v 0.862558 1.900826 0.050627
v 0.904785 1.893665 -0.465166
v 0.989764 1.846244 -0.206425
v 0.750352 1.866639 -0.688762
v 0.538978 1.855438 -0.859771
v 0.287786 1.893664 -0.966425
v 0.017125 1.848627 -0.996610
v -0.251076 1.893664 -0.949319
v -0.495089 1.892052 -0.828383
v -0.697800 1.866927 -0.643598
v -0.835041 1.893665 -0.409937
v -0.902273 1.876263 -0.146327
v -0.894798 1.871842 0.125874
v -0.809819 1.893665 0.384615
v -0.655386 1.877851 0.632896
v -0.444012 1.879774 0.805981
v -0.192820 1.893665 0.885874
v 0.077840 1.797541 0.916059
v 0.346041 1.893665 0.868768
v 0.590055 1.893665 0.747833
v 0.790110 1.848714 0.563049
v 0.930007 1.893665 0.329387
v 0.998404 1.883512 0.065777
v 1.027257 1.876444 -0.525864
v 1.124375 1.829023 -0.230160
v 0.850763 1.854347 -0.782287
v 0.609192 1.848550 -0.978105
v 0.322114 1.876444 -1.098732
v 0.012788 1.831406 -1.133230
v -0.293727 1.876444 -1.079183
v -0.572600 1.874831 -0.940969
v -0.802531 1.842783 -0.729787
v -0.961116 1.876444 -0.462746
v -1.038736 1.864918 -0.161478
v -1.027911 1.832768 0.162794
v -0.932291 1.876444 0.445313
v -0.755797 1.859150 0.726755
v -0.514225 1.858315 0.922556
v -0.227149 1.876444 1.018181
v 0.082177 1.778649 1.056049
v 0.388692 1.876444 0.998632
v 0.667565 1.876444 0.860420
v 0.894296 1.822312 0.649238
v 1.056082 1.876444 0.382196
v 1.134250 1.866291 0.080928
v 1.149729 1.857886 -0.586563
v 1.258987 1.810465 -0.253896
v 0.951172 1.825120 -0.877807
v 0.679405 1.830917 -1.098725
v 0.356443 1.857886 -1.231039
v 0.008451 1.805506 -1.271433
v -0.336378 1.857886 -1.209045
v -0.650110 1.856274 -1.053556
v -0.907175 1.817306 -0.815977
v -1.087190 1.857886 -0.515555
v -1.176958 1.833864 -0.169349
v -1.163486 1.812145 0.177704
v -1.054763 1.857886 0.506012
v -0.856206 1.837245 0.818766
v -0.584439 1.811593 1.039083
v -0.261478 1.857886 1.150488
v 0.086514 1.746638 1.190156
v 0.431344 1.857886 1.128496
v 0.745075 1.857886 0.973006
v 1.002293 1.804715 0.735427
v 1.182156 1.857886 0.435004
v 1.270098 1.847733 0.096078
v 1.268996 1.834060 -0.645673
v 1.390076 1.797755 -0.277011
v 1.048956 1.793625 -0.965744
v 0.747782 1.797371 -1.210466
v 0.389874 1.834060 -1.359884
v 0.004228 1.769840 -1.401803
v -0.377914 1.834060 -1.335511
v -0.725592 1.832448 -1.163198
v -1.008704 1.786753 -0.899911
v -1.209966 1.834060 -0.566982
v -1.307622 1.808009 -0.192690
v -1.295424 1.794390 0.192230
v -1.174030 1.834060 0.565122
v -0.953990 1.810162 0.908160
v -0.652817 1.783645 1.152353
v -0.294909 1.834060 1.279333
v 0.090737 1.709740 1.320183
v 0.472879 1.834060 1.254961
v 0.820558 1.834060 1.082647
v 1.105607 1.780889 0.819361
v 1.304933 1.834060 0.486432
v 1.402388 1.823907 0.110832
v 1.393598 1.800872 -0.277632
v 1.272199 1.837176 -0.647262
v 1.272199 1.841323 -0.647262
v 1.393598 1.805019 -0.277632
v 1.051582 1.796521 -0.968429
v 1.051582 1.800653 -0.968785
v 0.749618 1.800212 -1.213789
v 0.749618 1.804344 -1.214145
v 0.390772 1.837176 -1.363345
v 0.390772 1.841323 -1.363345
v 0.004115 1.772624 -1.405641
v 0.004115 1.776754 -1.406014
v -0.379030 1.837176 -1.338908
v -0.379030 1.841323 -1.338908
v -0.727621 1.835564 -1.166142
v -0.727621 1.839711 -1.166142
v -1.011678 1.789681 -0.902165
v -1.011950 1.793819 -0.902165
v -1.213266 1.837176 -0.568363
v -1.213266 1.841323 -0.568363
v -1.311189 1.811070 -0.193321
v -1.311253 1.815217 -0.193325
v -1.299026 1.797452 0.192616
v -1.299089 1.801598 0.192612
v -1.177233 1.837176 0.566710
v -1.177233 1.841323 0.566710
v -0.956616 1.813189 0.910699
v -0.956616 1.817333 0.910849
v -0.654653 1.786648 1.155530
v -0.654653 1.790792 1.155680
v -0.295807 1.837176 1.282794
v -0.295807 1.841323 1.282794
v 0.090850 1.712487 1.324049
v 0.090850 1.716613 1.324460
v 0.473995 1.837176 1.258360
v 0.473995 1.841323 1.258360
v 0.822586 1.837176 1.085593
v 0.822586 1.841323 1.085593
v 1.108382 1.784005 0.821616
v 1.108382 1.788152 0.821616
v 1.308231 1.837176 0.487813
v 1.308231 1.841323 0.487813
v 1.405942 1.827024 0.111229
v 1.405942 1.831170 0.111229
v 1.272199 1.845470 -0.647262
v 1.393598 1.809165 -0.277632
v 1.051582 1.804785 -0.969142
v 0.749618 1.808475 -1.214501
v 0.390772 1.845470 -1.363345
v 0.004115 1.780884 -1.406386
v -0.379030 1.845470 -1.338908
v -0.727621 1.843858 -1.166142
v -1.012221 1.797957 -0.902165
v -1.213266 1.845470 -0.568363
v -1.311316 1.819363 -0.193329
v -1.299153 1.805745 0.192608
v -1.177233 1.845470 0.566710
v -0.956616 1.821477 0.910999
v -0.654653 1.794937 1.155831
v -0.295807 1.845470 1.282794
v 0.090850 1.720740 1.324871
v 0.473995 1.845470 1.258360
v 0.822586 1.845470 1.085593
v 1.108382 1.792299 0.821616
v 1.308231 1.845470 0.487813
v 1.405942 1.835317 0.111229
v 1.390076 1.812282 -0.277011
v 1.268996 1.848586 -0.645673
v 1.149729 1.872412 -0.586563
v 1.258987 1.824991 -0.253896
v 1.048956 1.808098 -0.966992
v 0.951172 1.839592 -0.879054
v 0.747782 1.811844 -1.211713
v 0.679405 1.845390 -1.099973
v 0.389874 1.848586 -1.359884
v 0.356443 1.872412 -1.231039
v 0.004228 1.784308 -1.403106
v 0.008451 1.819974 -1.272737
v -0.377914 1.848586 -1.335511
v -0.336378 1.872412 -1.209045
v -0.725592 1.846974 -1.163198
v -0.650110 1.870800 -1.053556
v -1.009658 1.801249 -0.899911
v -0.908128 1.831801 -0.815977
v -1.209966 1.848586 -0.566982
v -1.087190 1.872412 -0.515555
v -1.307845 1.822534 -0.192704
v -1.177180 1.848389 -0.169364
v -1.295647 1.808915 0.192215
v -1.163709 1.826670 0.177689
v -1.174030 1.848586 0.565122
v -1.054762 1.872412 0.506012
v -0.953990 1.824679 0.908687
v -0.856206 1.851762 0.819292
v -0.652817 1.798162 1.152879
v -0.584439 1.826110 1.039609
v -0.294909 1.848587 1.279333
v -0.261478 1.872412 1.150488
v 0.090737 1.724195 1.321623
v 0.086514 1.761093 1.191596
v 0.472879 1.848587 1.254961
v 0.431344 1.872412 1.128496
v 0.820558 1.848587 1.082647
v 0.745075 1.872412 0.973006
v 1.105607 1.795415 0.819361
v 1.002293 1.819241 0.735427
v 1.304933 1.848586 0.486432
v 1.182156 1.872412 0.435004
v 1.402388 1.838434 0.110832
v 1.270096 1.862260 0.096078
v 1.027257 1.890970 -0.525864
v 1.124375 1.843549 -0.230160
v 0.850763 1.868854 -0.781519
v 0.609192 1.863021 -0.976833
v 0.322114 1.890970 -1.098732
v 0.012788 1.845932 -1.133230
v -0.293727 1.890970 -1.079183
v -0.572600 1.889358 -0.940969
v -0.803484 1.857278 -0.729787
v -0.961116 1.890970 -0.462746
v -1.038109 1.879431 -0.161478
v -1.028134 1.847293 0.162779
v -0.932291 1.890970 0.445313
v -0.755797 1.875157 0.725640
v -0.514225 1.872832 0.923082
v -0.227149 1.890970 1.018181
v 0.082177 1.793104 1.057489
v 0.388692 1.890970 0.998632
v 0.667565 1.890970 0.860420
v 0.894296 1.836839 0.649238
v 1.056082 1.890970 0.382196
v 1.134250 1.880817 0.080928
v 0.904785 1.908191 -0.465166
v 0.989764 1.860770 -0.206425
v 0.750352 1.881145 -0.687994
v 0.538979 1.869909 -0.858499
v 0.287786 1.908191 -0.966425
v 0.017125 1.863154 -0.996610
v -0.251076 1.908191 -0.949319
v -0.495089 1.906579 -0.828383
v -0.698753 1.881422 -0.643598
v -0.835041 1.908191 -0.409937
v -0.901646 1.890776 -0.146327
v -0.894798 1.886369 0.125874
v -0.809819 1.908191 0.384615
v -0.655386 1.892378 0.632896
v -0.444012 1.894291 0.806507
v -0.192820 1.908191 0.885874
v 0.077840 1.812068 0.916059
v 0.346041 1.908191 0.868768
v 0.590055 1.908191 0.747833
v 0.790110 1.863241 0.563049
v 0.930007 1.908191 0.329387
v 0.998404 1.898038 0.065777
v 0.782313 1.925506 -0.404467
v 0.855151 1.903209 -0.182689
v 0.649943 1.893529 -0.594464
v 0.468764 1.876890 -0.740158
v 0.253457 1.925505 -0.834118
v 0.021462 1.880468 -0.859991
v -0.208425 1.925505 -0.819456
v -0.417579 1.923893 -0.715797
v -0.589057 1.915151 -0.557410
v -0.708966 1.925506 -0.357128
v -0.767593 1.920411 -0.131177
v -0.760185 1.903683 0.102138
v -0.687347 1.925506 0.323916
v -0.554977 1.901061 0.539801
v -0.373798 1.909692 0.687343
v -0.158491 1.925506 0.753567
v 0.073503 1.849428 0.779440
v 0.303390 1.925506 0.738905
v 0.512545 1.925506 0.635246
v 0.685933 1.889735 0.476859
v 0.803932 1.925506 0.276578
v 0.862558 1.915353 0.050627
v 0.659841 1.943162 -0.343769
v 0.720540 1.920866 -0.158954
v 0.549533 1.906255 -0.500915
v 0.398551 1.926872 -0.626656
v 0.219128 1.943162 -0.701811
v 0.025799 1.914090 -0.723371
v -0.165773 1.943162 -0.689592
v -0.340069 1.941550 -0.603209
v -0.484091 1.921139 -0.471220
v -0.582891 1.943162 -0.304319
v -0.631746 1.938067 -0.116027
v -0.625574 1.928952 0.078403
v -0.564875 1.943162 0.263217
v -0.454567 1.922066 0.447758
v -0.303585 1.927348 0.570067
v -0.124162 1.943162 0.621260
v 0.069167 1.888693 0.642821
v 0.260739 1.943162 0.609042
v 0.435034 1.943162 0.522659
v 0.577933 1.889991 0.390670
v 0.677857 1.943162 0.223769
v 0.726712 1.933009 0.035477
v 0.537370 1.961075 -0.283070
v 0.585929 1.938779 -0.135218
v 0.449123 1.944785 -0.411252
v 0.328337 1.944785 -0.509380
v 0.184799 1.961075 -0.569504
v 0.030136 1.932003 -0.586753
v -0.123122 1.961075 -0.559729
v -0.262558 1.959463 -0.490622
v -0.376890 1.930289 -0.385031
v -0.456816 1.961075 -0.251511
v -0.495900 1.963593 -0.100876
v -0.490963 1.946865 0.054667
v -0.442404 1.961075 0.202519
v -0.354157 1.953891 0.354663
v -0.233371 1.945261 0.452791
v -0.089833 1.961075 0.488953
v 0.064830 1.906606 0.506202
v 0.218088 1.961075 0.479178
v 0.357524 1.961075 0.410072
v 0.471843 1.920429 0.304481
v 0.551782 1.961075 0.170960
v 0.590867 1.950922 0.020326
v 0.414898 1.979616 -0.222371
v 0.451317 1.957320 -0.111482
v 0.348713 1.963326 -0.318508
v 0.258124 1.963326 -0.392104
v 0.150470 1.979616 -0.437197
v 0.034472 1.964125 -0.450133
v -0.080471 1.979616 -0.429866
v -0.185048 1.978004 -0.378036
v -0.269636 1.940064 -0.298843
v -0.330741 1.979616 -0.198702
v -0.360055 1.983982 -0.085726
v -0.356351 1.965406 0.030931
v -0.319932 1.979616 0.141820
v -0.253747 1.972432 0.261919
v -0.163158 1.979616 0.335515
v -0.055504 1.979616 0.356646
v 0.060493 1.946343 0.369582
v 0.175437 1.979616 0.349315
v 0.280014 1.979616 0.297485
v 0.365753 1.943672 0.218292
v 0.425707 1.979616 0.118151
v 0.455021 1.969463 0.005176
v 0.292426 1.997090 -0.161673
v 0.316706 1.986937 -0.087747
v 0.248303 1.980800 -0.225764
v 0.187910 1.980800 -0.274828
v 0.116141 1.997090 -0.304890
v 0.038809 1.981598 -0.313514
v -0.037820 1.997090 -0.300002
v -0.107538 1.995478 -0.265449
v -0.164697 1.980893 -0.212653
v -0.204667 1.997090 -0.145893
v -0.224209 2.001456 -0.070576
v -0.221740 1.984727 0.007196
v -0.197460 1.997090 0.081122
v -0.153337 1.997090 0.157229
v -0.092944 1.997090 0.218239
v -0.021175 1.997090 0.224339
v 0.056157 1.976716 0.232963
v 0.132785 1.997090 0.219451
v 0.202504 1.997090 0.184898
v 0.259663 1.961146 0.132103
v 0.299633 1.997090 0.065342
v 0.319175 1.986937 -0.009975
v 0.169955 2.013357 -0.100974
v 0.182094 2.003204 -0.064011
v 0.147893 2.013357 -0.133020
v 0.117697 2.013357 -0.157552
v 0.081812 2.013357 -0.172582
v 0.043146 2.016189 -0.176895
v 0.004832 2.013357 -0.170139
v -0.030027 2.011745 -0.152862
v -0.058607 2.011745 -0.126464
v -0.078592 2.013357 -0.093084
v -0.088363 2.017723 -0.055426
v -0.087128 2.000995 -0.016540
v -0.074989 2.013357 0.020423
v -0.052927 2.013357 0.064485
v -0.022731 2.013357 0.089017
v 0.013154 2.013357 0.092032
v 0.051820 2.003913 0.096344
v 0.090134 2.013357 0.089588
v 0.124993 2.013357 0.072311
v 0.153573 2.004672 0.045914
v 0.173558 2.013357 0.012533
v 0.183329 2.003204 -0.025125
v 0.122451 2.022245 -0.077431
v 0.129882 2.012092 -0.054805
v 0.108947 2.022245 -0.097047
v 0.090463 2.022245 -0.112063
v 0.068497 2.022245 -0.121264
v 0.044828 2.022245 -0.123904
v 0.021375 2.022245 -0.119768
v 0.000037 2.022245 -0.109193
v -0.017458 2.022245 -0.093034
v -0.029691 2.022245 -0.072601
v -0.035672 2.022245 -0.049549
v -0.034916 2.022245 -0.025746
v -0.027485 2.022245 -0.003120
v -0.013981 2.022245 0.016496
v 0.004503 2.022245 0.031512
v 0.026469 2.022245 0.040713
v 0.050138 2.022245 0.043353
v 0.073591 2.022245 0.039217
v 0.094929 2.022245 0.028642
v 0.112424 2.019362 0.012483
v 0.124657 2.022245 -0.007950
v 0.130638 2.012092 -0.031001
v 0.087592 2.012589 -0.107268
v 0.104841 2.012589 -0.093254
v 0.104841 2.017374 -0.093254
v 0.087592 2.017374 -0.107268
v 0.117443 2.012589 -0.074949
v 0.117443 2.017374 -0.074949
v 0.124378 2.002436 -0.053834
v 0.124378 2.007221 -0.053834
v 0.125083 2.002436 -0.031621
v 0.125083 2.007221 -0.031621
v 0.119502 2.012589 -0.010109
v 0.119502 2.017374 -0.010109
v 0.108086 2.009706 0.008959
v 0.108086 2.014492 0.008959
v 0.091760 2.012589 0.024038
v 0.091760 2.017374 0.024038
v 0.071847 2.012589 0.033907
v 0.071847 2.017374 0.033907
v 0.049960 2.012589 0.037767
v 0.049960 2.017374 0.037767
v 0.027873 2.012589 0.035303
v 0.027873 2.017374 0.035303
v 0.007374 2.012589 0.026717
v 0.007374 2.017374 0.026717
v -0.009875 2.012589 0.012703
v -0.009875 2.017374 0.012703
v -0.022477 2.012589 -0.005602
v -0.022477 2.017374 -0.005602
v -0.029412 2.012589 -0.026717
v -0.029412 2.017374 -0.026717
v -0.030117 2.012589 -0.048930
v -0.030117 2.017374 -0.048930
v -0.024536 2.012589 -0.070442
v -0.024536 2.017374 -0.070442
v -0.013120 2.012589 -0.089510
v -0.013120 2.017374 -0.089510
v 0.003206 2.012589 -0.104589
v 0.003206 2.017374 -0.104589
v 0.023119 2.012589 -0.114458
v 0.023119 2.017374 -0.114458
v 0.045006 2.012589 -0.118317
v 0.045006 2.017374 -0.118317
v 0.067093 2.012589 -0.115854
v 0.067093 2.017374 -0.115854
v 0.352232 -0.002750 -0.040275
v 0.311404 -0.002750 -0.192650
v 0.311404 0.014723 -0.192650
v 0.352232 0.014723 -0.040275
v 0.199857 -0.002750 -0.304196
v 0.199858 0.014723 -0.304196
v 0.047482 -0.002750 -0.345025
v 0.047482 0.014723 -0.345025
v -0.104892 -0.002750 -0.304196
v -0.104892 0.014723 -0.304196
v -0.216438 -0.002750 -0.192650
v -0.216438 0.014723 -0.192650
v -0.257266 -0.002750 -0.040275
v -0.257266 0.014723 -0.040275
v -0.216438 -0.002750 0.112099
v -0.216438 0.014723 0.112099
v -0.104892 -0.002750 0.223645
v -0.104892 0.014723 0.223645
v 0.047483 -0.002750 0.264474
v 0.047483 0.014723 0.264474
v 0.199858 -0.002750 0.223645
v 0.199857 0.014723 0.223645
v 0.311403 -0.002750 0.112099
v 0.311403 0.014723 0.112099
v 0.105174 0.029038 -0.040275
v 0.097445 0.029038 -0.069121
v 0.097445 0.044544 -0.069121
v 0.105174 0.044544 -0.040275
v 0.076329 0.029038 -0.090237
v 0.076329 0.044544 -0.090237
v 0.047483 0.029038 -0.097967
v 0.047483 0.044544 -0.097967
v 0.018637 0.029038 -0.090237
v 0.018637 0.044544 -0.090237
v -0.002479 0.029038 -0.069121
v -0.002479 0.044544 -0.069121
v -0.010208 0.029038 -0.040275
v -0.010208 0.044544 -0.040275
v -0.002479 0.029038 -0.011430
v -0.002479 0.044544 -0.011430
v 0.018638 0.029038 0.009687
v 0.018638 0.044544 0.009687
v 0.047483 0.029038 0.017416
v 0.047483 0.044544 0.017416
v 0.076329 0.029038 0.009687
v 0.076329 0.044544 0.009687
v 0.097445 0.029038 -0.011430
v 0.097445 0.044544 -0.011430
v 0.080281 0.053326 -0.040275
v 0.075886 0.053326 -0.056674
v 0.075887 2.057610 -0.056674
v 0.080281 2.057610 -0.040275
v 0.063882 0.053326 -0.068679
v 0.063882 2.057610 -0.068679
v 0.047483 0.053326 -0.073073
v 0.047483 2.057610 -0.073073
v 0.031085 0.053326 -0.068679
v 0.031085 2.057610 -0.068679
v 0.019080 0.053326 -0.056674
v 0.019080 2.057610 -0.056674
v 0.014686 0.053326 -0.040275
v 0.014686 2.057610 -0.040275
v 0.019079 0.053326 -0.023876
v 0.019079 2.057610 -0.023876
v 0.031084 0.053326 -0.011872
v 0.031085 2.057610 -0.011872
v 0.047483 0.053326 -0.007478
v 0.047483 2.057610 -0.007478
v 0.063882 0.053326 -0.011872
v 0.063881 2.057610 -0.011872
v 0.075887 0.053326 -0.023876
v 0.075887 2.057610 -0.023876
v 0.097844 0.052345 -0.040275
v 0.091097 0.052345 -0.065456
v 0.091098 0.052345 -0.015094
v 0.072664 0.052345 0.003339
v 0.047483 0.052345 0.010086
v 0.022302 0.052345 0.003339
v 0.003869 0.052345 -0.015094
v -0.002878 0.052345 -0.040275
v 0.003869 0.052345 -0.065456
v 0.022302 0.052345 -0.083889
v 0.047484 0.052345 -0.090636
v 0.072664 0.052345 -0.083889
v 0.337496 0.029434 -0.040275
v 0.298642 0.029434 -0.185282
v 0.298641 0.029434 0.104731
v 0.192489 0.029434 0.210883
v 0.047483 0.029434 0.249738
v -0.097524 0.029434 0.210883
v -0.203676 0.029434 0.104731
v -0.242530 0.029434 -0.040275
v -0.203675 0.029434 -0.185282
v -0.097523 0.029434 -0.291434
v 0.047483 0.029434 -0.330288
v 0.192490 0.029434 -0.291434
v 0.075390 2.150207 -0.056387
v 0.047483 2.150207 -0.040275
v 0.079708 2.150207 -0.040275
v 0.063596 2.150207 -0.068182
v 0.047483 2.150207 -0.072500
v 0.031371 2.150207 -0.068182
v 0.019576 2.150207 -0.056387
v 0.015259 2.150207 -0.040275
v 0.019576 2.150207 -0.024163
v 0.031371 2.150207 -0.012368
v 0.047483 2.150207 -0.008051
v 0.063595 2.150207 -0.012368
v 0.075391 2.150207 -0.024163
v 0.082758 2.070341 -0.060640
v 0.082757 2.141702 -0.060640
v 0.088214 2.141702 -0.040275
v 0.088214 2.070341 -0.040275
v 0.067849 2.070341 -0.075549
v 0.067849 2.141702 -0.075549
v 0.047484 2.070341 -0.081006
v 0.047484 2.141702 -0.081006
v 0.027119 2.070341 -0.075549
v 0.027119 2.141702 -0.075549
v 0.012210 2.070341 -0.060640
v 0.012209 2.141702 -0.060641
v 0.006753 2.070341 -0.040275
v 0.006753 2.141702 -0.040275
v 0.012209 2.070341 -0.019910
v 0.012209 2.141702 -0.019910
v 0.027118 2.070341 -0.005002
v 0.027118 2.141702 -0.005002
v 0.047483 2.070341 0.000455
v 0.047483 2.141702 0.000455
v 0.067848 2.070341 -0.005002
v 0.067848 2.141702 -0.005002
v 0.082758 2.070341 -0.019910
v 0.082758 2.141702 -0.019910
v 0.047405 1.975580 -0.072809
v 0.020756 1.975580 -0.058826
v -0.573230 1.808769 -1.190833
v -0.546581 1.808769 -1.204816
v 0.047405 2.012292 -0.072809
v -0.546581 1.845482 -1.204816
v -0.573230 1.845482 -1.190833
v 0.020756 2.012292 -0.058826
v 0.050322 1.978913 -0.074371
v -0.543638 1.812110 -1.206329
v -0.543638 1.842148 -1.206329
v 0.050322 2.008951 -0.074371
v -0.548105 1.811650 -1.207722
v -0.574754 1.811650 -1.193738
v -0.574754 1.841745 -1.193738
v -0.548105 1.841745 -1.207722
v -0.576147 1.812110 -1.189271
v 0.017813 1.978913 -0.057313
v 0.017813 2.008951 -0.057313
v -0.576147 1.842148 -1.189271
v 0.047561 1.975580 -0.007742
v 0.074210 1.975580 -0.021725
v 0.668195 1.808769 1.110283
v 0.641547 1.808769 1.124266
v 0.047561 2.012292 -0.007742
v 0.641547 1.845482 1.124266
v 0.668195 1.845482 1.110283
v 0.074210 2.012292 -0.021725
v 0.044644 1.978913 -0.006180
v 0.638604 1.812110 1.125779
v 0.638604 1.842149 1.125779
v 0.044644 2.008951 -0.006180
v 0.643072 1.811650 1.127171
v 0.669720 1.811650 1.113188
v 0.669720 1.841745 1.113188
v 0.643072 1.841745 1.127171
v 0.671113 1.812110 1.108721
v 0.077153 1.978913 -0.023238
v 0.077153 2.008951 -0.023238
v 0.671113 1.842149 1.108721
v 0.080017 1.975580 -0.040354
v 0.066034 1.975580 -0.067002
v 1.198041 1.808769 -0.660988
v 1.212024 1.808769 -0.634339
v 0.080017 2.012292 -0.040354
v 1.212024 1.845482 -0.634339
v 1.198041 1.845482 -0.660988
v 0.066034 2.012292 -0.067002
v 0.081579 1.978913 -0.037436
v 1.213537 1.812110 -0.631396
v 1.213537 1.842148 -0.631396
v 0.081579 2.008951 -0.037436
v 1.214930 1.811650 -0.635864
v 1.200946 1.811650 -0.662513
v 1.200946 1.841745 -0.662513
v 1.214930 1.841745 -0.635864
v 1.196479 1.812110 -0.663905
v 0.064521 1.978913 -0.069945
v 0.064521 2.008951 -0.069945
v 1.196479 1.842148 -0.663905
v 0.014949 1.975580 -0.040197
v 0.028932 1.975580 -0.013549
v -1.103075 1.808769 0.580437
v -1.117058 1.808769 0.553788
v 0.014949 2.012292 -0.040197
v -1.117058 1.845482 0.553788
v -1.103075 1.845482 0.580437
v 0.028932 2.012292 -0.013549
v 0.013387 1.978913 -0.043115
v -1.118571 1.812110 0.550845
v -1.118571 1.842148 0.550845
v 0.013387 2.008951 -0.043115
v -1.119963 1.811650 0.555313
v -1.105980 1.811650 0.581962
v -1.105980 1.841745 0.581962
v -1.119963 1.841745 0.555313
v -1.101513 1.812110 0.583355
v 0.030445 1.978913 -0.010605
v 0.030445 2.008951 -0.010605
v -1.101513 1.842148 0.583355
v 0.070433 1.975580 -0.063336
v 0.041702 1.975580 -0.072291
v 0.422140 1.808769 -1.292753
v 0.450871 1.808769 -1.283797
v 0.070433 2.012292 -0.063336
v 0.450871 1.845482 -1.283797
v 0.422140 1.845482 -1.292753
v 0.041702 2.012292 -0.072291
v 0.073600 1.978913 -0.062377
v 0.454022 1.812110 -1.282786
v 0.454022 1.842148 -1.282786
v 0.073600 2.008951 -0.062377
v 0.451848 1.811650 -1.286929
v 0.423117 1.811650 -1.295886
v 0.423117 1.841745 -1.295886
v 0.451848 1.841745 -1.286929
v 0.418973 1.812110 -1.293711
v 0.038551 1.978913 -0.073303
v 0.038551 2.008951 -0.073303
v 0.418973 1.842148 -1.293711
v 0.024533 1.975580 -0.017215
v 0.053265 1.975580 -0.008259
v -0.327174 1.808769 1.212202
v -0.355905 1.808769 1.203246
v 0.024533 2.012292 -0.017215
v -0.355905 1.845482 1.203246
v -0.327174 1.845482 1.212202
v 0.053265 2.012292 -0.008259
v 0.021366 1.978913 -0.018173
v -0.359056 1.812110 1.202235
v -0.359056 1.842149 1.202235
v 0.021366 2.008951 -0.018173
v -0.356882 1.811650 1.206379
v -0.328151 1.811650 1.215335
v -0.328151 1.841745 1.215335
v -0.356882 1.841745 1.206379
v -0.324007 1.812110 1.213160
v 0.056415 1.978913 -0.007248
v 0.056415 2.008951 -0.007248
v -0.324007 1.842149 1.213160
v 0.070543 1.975580 -0.017326
v 0.079499 1.975580 -0.046057
v 1.299960 1.808769 0.334382
v 1.291004 1.808769 0.363112
v 0.070543 2.012292 -0.017326
v 1.291004 1.845482 0.363112
v 1.299960 1.845482 0.334382
v 0.079499 2.012292 -0.046057
v 0.069585 1.978913 -0.014158
v 1.289993 1.812110 0.366263
v 1.289993 1.842148 0.366263
v 0.069585 2.008951 -0.014158
v 1.294137 1.811650 0.364089
v 1.303093 1.811650 0.335358
v 1.303093 1.841745 0.335358
v 1.294137 1.841745 0.364089
v 1.300919 1.812110 0.331214
v 0.080510 1.978913 -0.049208
v 0.080510 2.008951 -0.049208
v 1.300919 1.842148 0.331214
v 0.024423 1.975580 -0.063225
v 0.015467 1.975580 -0.034494
v -1.204994 1.808769 -0.414933
v -1.196038 1.808769 -0.443664
v 0.024423 2.012292 -0.063225
v -1.196038 1.845482 -0.443664
v -1.204994 1.845482 -0.414933
v 0.015467 2.012292 -0.034494
v 0.025381 1.978913 -0.066392
v -1.195027 1.812110 -0.446815
v -1.195027 1.842148 -0.446815
v 0.025381 2.008951 -0.066392
v -1.199171 1.811650 -0.444640
v -1.208127 1.811650 -0.415909
v -1.208127 1.841745 -0.415909
v -1.199171 1.841745 -0.444640
v -1.205952 1.812110 -0.411765
v 0.014456 1.978913 -0.031343
v 0.014456 2.008951 -0.031343
v -1.205952 1.842148 -0.411765
v 0.047414 1.707020 -0.072706
v 0.020836 1.707020 -0.058760
v -0.285063 1.896690 -0.659781
v -0.273333 1.896690 -0.665935
v 0.047405 1.743659 -0.072723
v -0.273324 1.916550 -0.665918
v -0.285054 1.916550 -0.659763
v 0.020827 1.743659 -0.058777
v 0.050286 1.710492 -0.074352
v -0.270344 1.900093 -0.667364
v -0.270344 1.913107 -0.667364
v 0.050286 1.740269 -0.074352
v -0.274848 1.900895 -0.668738
v -0.286508 1.900895 -0.662620
v -0.286508 1.914062 -0.662620
v -0.274848 1.914062 -0.668738
v -0.287937 1.900093 -0.658133
v 0.017850 1.710492 -0.057332
v 0.017850 1.740269 -0.057332
v -0.287937 1.913107 -0.658133
v 0.047552 1.707020 -0.007845
v 0.074130 1.707020 -0.021791
v 0.380029 1.896690 0.579230
v 0.368299 1.896690 0.585384
v 0.047562 1.743659 -0.007828
v 0.368290 1.916550 0.585367
v 0.380019 1.916550 0.579212
v 0.074139 1.743659 -0.021773
v 0.044680 1.710492 -0.006199
v 0.365310 1.900093 0.586813
v 0.365310 1.913107 0.586813
v 0.044680 1.740269 -0.006199
v 0.369814 1.900895 0.588187
v 0.381474 1.900895 0.582069
v 0.381474 1.914062 0.582069
v 0.369814 1.914062 0.588187
v 0.382903 1.900093 0.577582
v 0.077116 1.710492 -0.023219
v 0.077116 1.740269 -0.023219
v 0.382903 1.913107 0.577582
v 0.079913 1.707020 -0.040344
v 0.065967 1.707020 -0.066922
v 0.666988 1.896690 -0.372821
v 0.673143 1.896690 -0.361092
v 0.079931 1.743659 -0.040354
v 0.673125 1.916550 -0.361082
v 0.666970 1.916550 -0.372812
v 0.065985 1.743659 -0.066931
v 0.081560 1.710492 -0.037472
v 0.674572 1.900093 -0.358103
v 0.674572 1.913107 -0.358103
v 0.081560 1.740269 -0.037472
v 0.675945 1.900895 -0.362607
v 0.669827 1.900895 -0.374266
v 0.669827 1.914062 -0.374266
v 0.675945 1.914062 -0.362607
v 0.665341 1.900093 -0.375696
v 0.064540 1.710492 -0.069909
v 0.064540 1.740269 -0.069909
v 0.665341 1.913107 -0.375696
v 0.015053 1.707020 -0.040206
v 0.028999 1.707020 -0.013628
v -0.572022 1.896690 0.292270
v -0.578177 1.896690 0.280541
v 0.015035 1.743659 -0.040197
v -0.578159 1.916550 0.280531
v -0.572004 1.916550 0.292261
v 0.028981 1.743659 -0.013619
v 0.013407 1.710492 -0.043078
v -0.579606 1.900093 0.277552
v -0.579606 1.913107 0.277552
v 0.013407 1.740269 -0.043078
v -0.580979 1.900895 0.282055
v -0.574861 1.900895 0.293715
v -0.574861 1.914062 0.293715
v -0.580979 1.914062 0.282055
v -0.570375 1.900093 0.295145
v 0.030426 1.710492 -0.010642
v 0.030426 1.740269 -0.010642
v -0.570375 1.913107 0.295145
v 0.070366 1.707020 -0.063256
v 0.041711 1.707020 -0.072188
v 0.250394 1.896690 -0.713477
v 0.263040 1.896690 -0.709535
v 0.070372 1.743659 -0.063275
v 0.263034 1.916550 -0.709516
v 0.250388 1.916550 -0.713458
v 0.041717 1.743659 -0.072207
v 0.073561 1.710492 -0.062389
v 0.266164 1.900093 -0.708432
v 0.266164 1.913107 -0.708432
v 0.073561 1.740269 -0.062389
v 0.263950 1.900895 -0.712588
v 0.251379 1.900895 -0.716507
v 0.251379 1.914062 -0.716507
v 0.263950 1.914062 -0.712588
v 0.247196 1.900093 -0.714345
v 0.038590 1.710492 -0.073290
v 0.038590 1.740269 -0.073290
v 0.247196 1.913107 -0.714345
v 0.024600 1.707020 -0.017295
v 0.053255 1.707020 -0.008363
v -0.155428 1.896690 0.632926
v -0.168074 1.896690 0.628984
v 0.024594 1.743659 -0.017276
v -0.168068 1.916550 0.628965
v -0.155422 1.916550 0.632907
v 0.053249 1.743659 -0.008344
v 0.021405 1.710492 -0.018161
v -0.171198 1.900093 0.627881
v -0.171198 1.913107 0.627881
v 0.021405 1.740269 -0.018161
v -0.168984 1.900895 0.632037
v -0.156414 1.900895 0.635956
v -0.156414 1.914062 0.635956
v -0.168984 1.914062 0.632037
v -0.152231 1.900093 0.633794
v 0.056376 1.710492 -0.007261
v 0.056376 1.740269 -0.007261
v -0.152231 1.913107 0.633794
v 0.070464 1.707020 -0.017392
v 0.079396 1.707020 -0.046047
v 0.720685 1.896690 0.162636
v 0.716742 1.896690 0.175281
v 0.070483 1.743659 -0.017387
v 0.716724 1.916550 0.175275
v 0.720666 1.916550 0.162629
v 0.079415 1.743659 -0.046041
v 0.069597 1.710492 -0.014198
v 0.715639 1.900093 0.178405
v 0.715639 1.913107 0.178405
v 0.069597 1.740269 -0.014198
v 0.719795 1.900895 0.176192
v 0.723714 1.900895 0.163621
v 0.723714 1.914062 0.163621
v 0.719795 1.914062 0.176192
v 0.721552 1.900093 0.159438
v 0.080498 1.710492 -0.049168
v 0.080498 1.740269 -0.049168
v 0.721552 1.913107 0.159438
v 0.024503 1.707020 -0.063158
v 0.015570 1.707020 -0.034504
v -0.625719 1.896690 -0.243187
v -0.621777 1.896690 -0.255833
v 0.024483 1.743659 -0.063164
v -0.621758 1.916550 -0.255827
v -0.625700 1.916550 -0.243180
v 0.015551 1.743659 -0.034510
v 0.025369 1.710492 -0.066353
v -0.620674 1.900093 -0.258957
v -0.620674 1.913107 -0.258957
v 0.025369 1.740269 -0.066353
v -0.624830 1.900895 -0.256743
v -0.628748 1.900895 -0.244172
v -0.628748 1.914062 -0.244172
v -0.624830 1.914062 -0.256743
v -0.626586 1.900093 -0.239989
v 0.014468 1.710492 -0.031382
v 0.014468 1.740269 -0.031382
v -0.626586 1.913107 -0.239989
v 0.097306 1.971224 -0.090577
v 0.071583 1.971224 -0.106847
v 0.071583 2.011681 -0.106847
v 0.097306 2.011681 -0.090577
v 0.065480 1.971224 -0.108749
v 0.035068 1.971224 -0.109978
v 0.035068 2.011681 -0.109978
v 0.065480 2.011681 -0.108749
v 0.028831 1.971224 -0.108574
v 0.001880 1.971224 -0.094432
v 0.001880 2.011681 -0.094432
v 0.028831 2.011681 -0.108574
v -0.002819 1.971224 -0.090098
v -0.019089 1.971224 -0.064375
v -0.019089 2.011681 -0.064375
v -0.002819 2.011681 -0.090098
v -0.020991 1.971224 -0.058272
v -0.022219 1.971224 -0.027860
v -0.022219 2.011681 -0.027860
v -0.020991 2.011681 -0.058272
v -0.020816 1.971224 -0.021624
v -0.006674 1.971224 0.005328
v -0.006674 2.011681 0.005328
v -0.020816 2.011681 -0.021624
v -0.002339 1.971224 0.010026
v 0.023383 1.971224 0.026296
v 0.023383 2.011681 0.026296
v -0.002339 2.011681 0.010026
v 0.029486 1.971224 0.028199
v 0.059898 1.971224 0.029427
v 0.059898 2.011681 0.029427
v 0.029486 2.011681 0.028199
v 0.066135 1.971224 0.028023
v 0.093086 1.971224 0.013881
v 0.093086 2.011681 0.013881
v 0.066135 2.011681 0.028023
v 0.097785 1.971224 0.009547
v 0.114055 1.971224 -0.016176
v 0.114055 2.011681 -0.016176
v 0.097785 2.011681 0.009547
v 0.115957 1.971224 -0.022279
v 0.117186 1.971224 -0.052690
v 0.117186 2.011681 -0.052690
v 0.115957 2.011681 -0.022279
v 0.115782 1.971224 -0.058927
v 0.101640 1.971224 -0.085878
v 0.101640 2.011681 -0.085878
v 0.115782 2.011681 -0.058927
v 0.051860 1.976008 -0.071441
v 0.019351 1.976008 -0.054383
v 0.051860 2.012720 -0.071441
v 0.019351 2.012720 -0.054383
v 0.043107 1.976008 -0.009110
v 0.075615 1.976008 -0.026168
v 0.043107 2.012720 -0.009110
v 0.075615 2.012720 -0.026168
v 0.078649 1.976008 -0.035899
v 0.061591 1.976008 -0.068408
v 0.078649 2.012720 -0.035899
v 0.061591 2.012720 -0.068408
v 0.016318 1.976008 -0.044652
v 0.033375 1.976008 -0.012143
v 0.016318 2.012720 -0.044652
v 0.033375 2.012720 -0.012143
v 0.072615 1.976008 -0.059218
v 0.037566 1.976008 -0.070144
v 0.072615 2.012720 -0.059218
v 0.037566 2.012720 -0.070144
v 0.022351 1.976008 -0.021333
v 0.057400 1.976008 -0.010407
v 0.022351 2.012720 -0.021333
v 0.057400 2.012720 -0.010407
v 0.066426 1.976008 -0.015143
v 0.077351 1.976008 -0.050192
v 0.066426 2.012720 -0.015143
v 0.077351 2.012720 -0.050192
v 0.028540 1.976008 -0.065408
v 0.017615 1.976008 -0.030358
v 0.028540 2.012720 -0.065408
v 0.017615 2.012720 -0.030358
v 0.051860 1.706124 -0.071441
v 0.019351 1.706124 -0.054383
v 0.051860 1.742837 -0.071441
v 0.019351 1.742837 -0.054383
v 0.043107 1.706124 -0.009110
v 0.075615 1.706124 -0.026168
v 0.043107 1.742837 -0.009110
v 0.075615 1.742837 -0.026168
v 0.078649 1.706124 -0.035899
v 0.061591 1.706124 -0.068408
v 0.078649 1.742837 -0.035899
v 0.061591 1.742837 -0.068408
v 0.016318 1.706124 -0.044652
v 0.033375 1.706124 -0.012143
v 0.016318 1.742837 -0.044652
v 0.033375 1.742837 -0.012143
v 0.072615 1.706124 -0.059218
v 0.037566 1.706124 -0.070144
v 0.072615 1.742837 -0.059218
v 0.037566 1.742837 -0.070144
v 0.022351 1.706124 -0.021333
v 0.057400 1.706124 -0.010407
v 0.022351 1.742837 -0.021333
v 0.057400 1.742837 -0.010407
v 0.066426 1.706124 -0.015143
v 0.077351 1.706124 -0.050192
v 0.066426 1.742837 -0.015143
v 0.077351 1.742837 -0.050192
v 0.028540 1.706124 -0.065408
v 0.017615 1.706124 -0.030358
v 0.028540 1.742837 -0.065408
v 0.017615 1.742837 -0.030358
v 0.097584 1.967915 -0.086486
v 0.067767 1.967915 -0.105345
v 0.032514 1.967915 -0.106769
v 0.001273 1.967915 -0.090376
v -0.017587 1.967915 -0.060559
v -0.019011 1.967915 -0.025306
v -0.002618 1.967915 0.005935
v 0.027200 1.967915 0.024794
v 0.062452 1.967915 0.026218
v 0.093694 1.967915 0.009825
v 0.112553 1.967915 -0.019992
v 0.113977 1.967915 -0.055244
v 0.047483 2.014991 -0.040275
v 0.047483 1.967915 -0.040275
vn -0.1720 -0.9813 -0.0860
vn -0.4281 -0.8996 -0.0860
vn -0.4285 -0.9032 0.0230
vn -0.1541 -0.9880 -0.0105
vn -0.2987 -0.9136 0.2759
vn -0.1141 -0.9808 0.1584
vn -0.2089 -0.9136 0.3489
vn -0.1317 -0.9808 0.1441
vn -0.1139 -0.9157 0.3854
vn -0.0580 -0.9870 0.1495
vn 0.0124 -0.9205 0.3905
vn 0.0053 -0.9858 0.1680
vn 0.1462 -0.9143 0.3777
vn 0.0404 -0.9886 0.1450
vn 0.2435 -0.9082 0.3404
vn 0.1311 -0.9858 0.1047
vn 0.3200 -0.9082 0.2698
vn 0.1379 -0.9819 0.1295
vn 0.3597 -0.9153 0.1814
vn 0.1018 -0.9856 0.1349
vn 0.4087 -0.9126 -0.0101
vn 0.1332 -0.9874 -0.0853
vn 0.4579 -0.8833 -0.1004
vn 0.2008 -0.9771 -0.0703
vn 0.4089 -0.9025 -0.1353
vn 0.1822 -0.9831 0.0189
vn 0.2966 -0.9173 -0.2656
vn 0.1136 -0.9893 -0.0916
vn 0.1969 -0.9185 -0.3428
vn 0.0661 -0.9918 -0.1096
vn 0.0552 -0.9061 -0.4195
vn -0.0770 -0.9809 -0.1788
vn -0.0146 -0.8884 -0.4588
vn -0.0072 -0.9742 -0.2255
vn -0.0909 -0.9050 -0.4156
vn 0.0495 -0.9825 -0.1796
vn -0.2965 -0.9069 -0.2992
vn -0.2043 -0.9777 -0.0490
vn -0.3435 -0.8967 -0.2791
vn -0.1968 -0.9673 -0.1599
vn -0.4127 -0.9082 -0.0688
vn -0.1209 -0.9897 -0.0767
vn -0.4218 -0.8996 0.1129
vn -0.1662 -0.9813 0.0968
vn -0.1156 -0.9921 0.0492
vn -0.1691 -0.9849 -0.0372
vn -0.0740 -0.9821 0.1732
vn -0.1543 -0.9821 0.1079
vn -0.0415 -0.9913 0.1248
vn 0.0054 -0.9853 0.1705
vn -0.0150 -0.9903 0.1384
vn 0.1739 -0.9832 0.0546
vn 0.1647 -0.9753 0.1469
vn 0.0788 -0.9797 0.1845
vn 0.1128 -0.9911 -0.0701
vn 0.1470 -0.9877 -0.0536
vn 0.1316 -0.9913 0.0063
vn 0.1123 -0.9901 -0.0838
vn 0.0756 -0.9927 -0.0941
vn -0.1109 -0.9812 -0.1578
vn -0.0064 -0.9795 -0.2016
vn 0.0843 -0.9837 -0.1588
vn -0.2130 -0.9770 0.0036
vn -0.1666 -0.9767 -0.1354
vn -0.0576 -0.9877 -0.1453
vn -0.1497 -0.9864 0.0682
vn -0.1127 -0.9927 0.0419
vn -0.1715 -0.9851 -0.0127
vn -0.0565 -0.9877 0.1457
vn -0.1311 -0.9877 0.0851
vn -0.0201 -0.9924 0.1217
vn 0.0057 -0.9838 0.1794
vn -0.0286 -0.9886 0.1476
vn 0.1788 -0.9835 0.0273
vn 0.1411 -0.9826 0.1209
vn 0.0595 -0.9811 0.1843
vn 0.1285 -0.9907 -0.0440
vn 0.1493 -0.9879 -0.0426
vn 0.1258 -0.9919 -0.0191
vn 0.1067 -0.9885 -0.1073
vn 0.0975 -0.9868 -0.1297
vn -0.1024 -0.9775 -0.1843
vn -0.0074 -0.9725 -0.2326
vn 0.0949 -0.9795 -0.1775
vn -0.1894 -0.9819 -0.0058
vn -0.1430 -0.9829 -0.1162
vn -0.0557 -0.9882 -0.1425
vn -0.1494 -0.9866 0.0658
vn -0.1191 -0.9912 0.0583
vn -0.1505 -0.9886 -0.0056
vn -0.1003 -0.9817 0.1620
vn -0.1404 -0.9852 0.0985
vn -0.0021 -0.9918 0.1279
vn 0.0056 -0.9844 0.1757
vn -0.0318 -0.9885 0.1479
vn 0.1367 -0.9901 0.0310
vn 0.0956 -0.9919 0.0840
vn 0.0654 -0.9890 0.1328
vn 0.1462 -0.9888 -0.0287
vn 0.1513 -0.9881 -0.0288
vn 0.1299 -0.9906 -0.0421
vn 0.1084 -0.9842 -0.1399
vn 0.1120 -0.9845 -0.1352
vn -0.0855 -0.9827 -0.1644
vn -0.0066 -0.9784 -0.2068
vn 0.1045 -0.9804 -0.1673
vn -0.1816 -0.9829 -0.0300
vn -0.1560 -0.9796 -0.1268
vn -0.0751 -0.9872 -0.1406
vn -0.1378 -0.9889 0.0555
vn -0.0996 -0.9922 0.0744
vn -0.1434 -0.9897 -0.0005
vn -0.0994 -0.9783 0.1816
vn -0.1743 -0.9749 0.1388
vn -0.0197 -0.9878 0.1548
vn 0.0058 -0.9831 0.1831
vn -0.0352 -0.9881 0.1499
vn 0.1010 -0.9933 0.0565
vn 0.0798 -0.9943 0.0706
vn 0.0830 -0.9933 0.0808
vn 0.1487 -0.9886 -0.0252
vn 0.1592 -0.9871 -0.0190
vn 0.1270 -0.9901 -0.0598
vn 0.0992 -0.9861 -0.1335
vn 0.1120 -0.9882 -0.1044
vn -0.0795 -0.9859 -0.1469
vn -0.0068 -0.9771 -0.2127
vn 0.1012 -0.9808 -0.1665
vn -0.1522 -0.9881 -0.0232
vn -0.1135 -0.9893 -0.0918
vn -0.0608 -0.9909 -0.1198
vn -0.1335 -0.9902 0.0417
vn -0.1091 -0.9923 0.0581
vn -0.1895 -0.9818 0.0120
vn -0.0413 -0.9878 0.1501
vn -0.1380 -0.9848 0.1052
vn -0.0276 -0.9911 0.1301
vn 0.0056 -0.9844 0.1758
vn -0.0398 -0.9884 0.1465
vn 0.1032 -0.9910 0.0848
vn 0.1133 -0.9889 0.0962
vn 0.1196 -0.9904 0.0697
vn 0.1597 -0.9869 -0.0250
vn 0.1613 -0.9869 -0.0091
vn 0.1064 -0.9932 -0.0474
vn 0.0713 -0.9924 -0.1000
vn 0.0948 -0.9921 -0.0818
vn -0.0917 -0.9825 -0.1622
vn -0.0077 -0.9702 -0.2423
vn 0.1053 -0.9778 -0.1811
vn -0.1332 -0.9903 -0.0399
vn -0.1096 -0.9898 -0.0907
vn -0.0717 -0.9922 -0.1019
vn -0.1541 -0.9870 0.0462
vn -0.1196 -0.9925 0.0273
vn -0.1830 -0.9830 0.0142
vn -0.0229 -0.9935 0.1113
vn -0.0872 -0.9947 0.0544
vn -0.0073 -0.9963 0.0862
vn 0.0047 -0.9890 0.1480
vn -0.0383 -0.9906 0.1316
vn 0.1171 -0.9891 0.0890
vn 0.1346 -0.9843 0.1138
vn 0.1206 -0.9899 0.0746
vn 0.1586 -0.9867 -0.0343
vn 0.1831 -0.9831 -0.0093
vn 0.1274 -0.9912 -0.0354
vn 0.0735 -0.9924 -0.0992
vn 0.0891 -0.9915 -0.0953
vn -0.1028 -0.9836 -0.1483
vn -0.0064 -0.9791 -0.2035
vn 0.1151 -0.9800 -0.1624
vn -0.1418 -0.9880 -0.0608
vn -0.1407 -0.9834 -0.1144
vn -0.0929 -0.9898 -0.1083
vn -0.1476 -0.9872 0.0605
vn -0.1215 -0.9923 0.0238
vn -0.1494 -0.9887 0.0104
vn -0.0693 -0.9895 0.1265
vn -0.0995 -0.9914 0.0853
vn -0.0005 -0.9935 0.1134
vn 0.0052 -0.9863 0.1646
vn -0.0286 -0.9895 0.1418
vn 0.1217 -0.9892 0.0813
vn 0.1301 -0.9855 0.1092
vn 0.1167 -0.9900 0.0793
vn 0.1670 -0.9850 -0.0439
vn 0.1909 -0.9816 -0.0021
vn 0.1451 -0.9890 -0.0269
vn 0.1002 -0.9845 -0.1440
vn 0.1234 -0.9791 -0.1618
vn -0.0781 -0.9821 -0.1715
vn -0.0066 -0.9791 -0.2034
vn 0.1085 -0.9807 -0.1625
vn -0.1380 -0.9888 -0.0566
vn -0.1293 -0.9862 -0.1037
vn -0.0880 -0.9903 -0.1077
vn -0.1313 -0.9895 0.0601
vn -0.1383 -0.9890 0.0528
vn -0.1510 -0.9885 0.0124
vn -0.1220 -0.9779 0.1696
vn -0.1407 -0.9795 0.1442
vn -0.0091 -0.9853 0.1703
vn 0.0068 -0.9769 0.2137
vn -0.0190 -0.9838 0.1784
vn 0.1398 -0.9850 0.1008
vn 0.1522 -0.9802 0.1266
vn 0.1461 -0.9852 0.0901
vn 0.1824 -0.9824 -0.0410
vn 0.1760 -0.9844 0.0013
vn 0.1459 -0.9888 -0.0325
vn 0.1061 -0.9791 -0.1733
vn 0.1373 -0.9737 -0.1816
vn -0.0498 -0.9788 -0.1986
vn -0.0079 -0.9685 -0.2490
vn 0.0945 -0.9757 -0.1976
vn -0.1431 -0.9867 -0.0777
vn -0.1368 -0.9843 -0.1115
vn -0.1094 -0.9878 -0.1104
vn -0.1472 -0.9881 0.0445
vn 0.2849 -0.9485 -0.1384
vn 0.2970 -0.9527 -0.0646
vn 0.2131 -0.9678 -0.1343
vn 0.0850 -0.9682 -0.2353
vn 0.1047 -0.9575 -0.2689
vn -0.0075 -0.9726 -0.2324
vn -0.1655 -0.9521 -0.2571
vn -0.1232 -0.9518 -0.2808
vn -0.1991 -0.9664 -0.1623
vn -0.2888 -0.9528 -0.0936
vn -0.2861 -0.9548 -0.0803
vn -0.2817 -0.9560 0.0818
vn -0.2735 -0.9495 0.1537
vn -0.2561 -0.9554 0.1469
vn -0.1064 -0.9624 0.2499
vn -0.1550 -0.9485 0.2763
vn 0.0068 -0.9793 0.2025
vn 0.2405 -0.9398 0.2427
vn 0.1246 -0.9469 0.2964
vn 0.2149 -0.9609 0.1745
vn 0.3132 -0.9468 0.0737
vn 0.3082 -0.9478 0.0813
vn 0.8927 -0.4203 -0.1627
vn 0.8278 -0.3876 -0.4056
vn 0.8968 -0.0122 -0.4422
vn 0.9848 -0.0000 -0.1737
vn 0.6694 -0.4542 -0.5880
vn 0.7351 -0.0460 -0.6764
vn 0.4377 -0.4568 -0.7744
vn 0.5099 -0.0539 -0.8586
vn 0.2402 -0.4066 -0.8814
vn 0.2509 -0.0426 -0.9671
vn -0.0279 -0.4768 -0.8786
vn -0.0317 -0.0449 -0.9985
vn -0.3150 -0.3995 -0.8609
vn -0.3150 -0.0223 -0.9488
vn -0.5026 -0.3966 -0.7682
vn -0.5670 -0.0112 -0.8237
vn -0.6928 -0.4510 -0.5627
vn -0.7759 -0.0255 -0.6303
vn -0.8509 -0.3941 -0.3474
vn -0.9218 -0.0180 -0.3872
vn -0.9014 -0.4151 -0.1231
vn -0.9936 -0.0115 -0.1123
vn -0.8892 -0.4262 0.1665
vn -0.9850 -0.0113 0.1724
vn -0.8295 -0.3888 0.4010
vn -0.9036 -0.0085 0.4282
vn -0.6946 -0.4146 0.5880
vn -0.7460 -0.0192 0.6656
vn -0.4287 -0.4421 0.7879
vn -0.4886 -0.0229 0.8722
vn -0.2373 -0.3765 0.8955
vn -0.2286 -0.0334 0.9729
vn 0.0272 -0.5135 0.8577
vn 0.0316 -0.0496 0.9983
vn 0.3396 -0.3826 0.8592
vn 0.3177 -0.0246 0.9479
vn 0.5044 -0.3835 0.7736
vn 0.5671 -0.0000 0.8237
vn 0.6993 -0.4339 0.5681
vn 0.7761 -0.0000 0.6306
vn 0.8600 -0.3803 0.3402
vn 0.9224 -0.0000 0.3863
vn 0.9108 -0.3954 0.1185
vn 0.9938 -0.0000 0.1108
vn 0.8157 0.4127 -0.4053
vn 0.9114 0.3807 -0.1563
vn 0.6774 0.3446 -0.6499
vn 0.4947 0.3430 -0.7986
vn 0.2165 0.3936 -0.8934
vn -0.0299 0.3190 -0.9473
vn -0.2570 0.4002 -0.8796
vn -0.5387 0.4032 -0.7398
vn -0.7284 0.3483 -0.5900
vn -0.8373 0.4079 -0.3640
vn -0.9185 0.3860 -0.0863
vn -0.9160 0.3728 0.1479
vn -0.8265 0.4124 0.3831
vn -0.6722 0.3835 0.6333
vn -0.4659 0.3541 0.8109
vn -0.1669 0.4244 0.8899
vn 0.0302 0.2759 0.9607
vn 0.2234 0.4138 0.8825
vn 0.5373 0.4170 0.7331
vn 0.7221 0.3667 0.5866
vn 0.8282 0.4203 0.3707
vn 0.9102 0.4056 0.0839
vn 0.4445 0.8933 -0.0665
vn 0.3934 0.8984 -0.1953
vn 0.1382 0.9890 -0.0525
vn 0.1509 0.9885 -0.0124
vn 0.3408 0.8641 -0.3703
vn 0.1216 0.9781 -0.1689
vn 0.2949 0.8636 -0.4090
vn 0.1403 0.9796 -0.1438
vn 0.0878 0.8836 -0.4599
vn 0.0092 0.9854 -0.1699
vn -0.0164 0.8557 -0.5172
vn -0.0068 0.9769 -0.2134
vn -0.0781 0.8869 -0.4554
vn 0.0187 0.9838 -0.1782
vn -0.3006 0.8898 -0.3433
vn -0.1396 0.9850 -0.1009
vn -0.3817 0.8700 -0.3121
vn -0.1521 0.9802 -0.1267
vn -0.4066 0.8923 -0.1963
vn -0.1460 0.9852 -0.0899
vn -0.4616 0.8871 -0.0036
vn -0.1821 0.9824 0.0410
vn -0.4603 0.8862 0.0526
vn -0.1759 0.9844 -0.0013
vn -0.4060 0.8981 0.1690
vn -0.1471 0.9886 0.0327
vn -0.3122 0.8817 0.3537
vn -0.1076 0.9788 0.1745
vn -0.2629 0.8719 0.4132
vn -0.1374 0.9735 0.1826
vn -0.0255 0.8934 0.4485
vn 0.0496 0.9788 0.1986
vn 0.0174 0.8378 0.5457
vn 0.0080 0.9685 0.2489
vn 0.0129 0.8857 0.4640
vn -0.0941 0.9758 0.1975
vn 0.2987 0.8963 0.3278
vn 0.1431 0.9867 0.0777
vn 0.3681 0.8804 0.2990
vn 0.1368 0.9843 0.1115
vn 0.3847 0.8979 0.2138
vn 0.1094 0.9878 0.1104
vn 0.4411 0.8975 0.0051
vn 0.1472 0.9881 -0.0445
vn 0.1213 0.9923 -0.0237
vn 0.1494 0.9887 -0.0104
vn 0.0686 0.9896 -0.1261
vn 0.0991 0.9915 -0.0847
vn 0.0006 0.9936 -0.1130
vn -0.0052 0.9864 -0.1642
vn 0.0286 0.9895 -0.1417
vn -0.1216 0.9892 -0.0815
vn -0.1300 0.9855 -0.1093
vn -0.1166 0.9900 -0.0791
vn -0.1667 0.9850 0.0439
vn -0.1907 0.9816 0.0020
vn -0.1457 0.9890 0.0261
vn -0.1001 0.9846 0.1436
vn -0.1226 0.9791 0.1625
vn 0.0781 0.9821 0.1714
vn 0.0067 0.9791 0.2031
vn -0.1083 0.9808 0.1623
vn 0.1380 0.9888 0.0566
vn 0.1293 0.9862 0.1037
vn 0.0880 0.9903 0.1077
vn 0.1313 0.9895 -0.0601
vn 0.1194 0.9925 -0.0275
vn 0.1830 0.9830 -0.0142
vn 0.0226 0.9935 -0.1116
vn 0.0873 0.9947 -0.0544
vn 0.0075 0.9963 -0.0861
vn -0.0047 0.9890 -0.1480
vn 0.0383 0.9906 -0.1316
vn -0.1169 0.9891 -0.0891
vn -0.1344 0.9844 -0.1138
vn -0.1207 0.9899 -0.0744
vn -0.1589 0.9867 0.0342
vn -0.1831 0.9831 0.0091
vn -0.1266 0.9914 0.0343
vn -0.0714 0.9927 0.0972
vn -0.0877 0.9916 0.0946
vn 0.1029 0.9836 0.1481
vn 0.0064 0.9791 0.2031
vn -0.1151 0.9800 0.1622
vn 0.1418 0.9880 0.0608
vn 0.1407 0.9834 0.1144
vn 0.0929 0.9898 0.1083
vn 0.1476 0.9872 -0.0605
vn 0.1090 0.9923 -0.0583
vn 0.1895 0.9818 -0.0120
vn 0.0411 0.9877 -0.1506
vn 0.1384 0.9847 -0.1057
vn 0.0279 0.9911 -0.1302
vn -0.0056 0.9844 -0.1758
vn 0.0398 0.9884 -0.1465
vn -0.1031 0.9911 -0.0848
vn -0.1131 0.9889 -0.0960
vn -0.1197 0.9904 -0.0696
vn -0.1599 0.9868 0.0250
vn -0.1614 0.9869 0.0090
vn -0.1064 0.9932 0.0474
vn -0.0713 0.9924 0.0999
vn -0.0948 0.9921 0.0817
vn 0.0918 0.9825 0.1621
vn 0.0077 0.9702 0.2423
vn -0.1053 0.9778 0.1811
vn 0.1332 0.9903 0.0399
vn 0.1096 0.9898 0.0907
vn 0.0717 0.9922 0.1019
vn 0.1541 0.9870 -0.0462
vn 0.0995 0.9922 -0.0748
vn 0.1434 0.9897 0.0005
vn 0.0996 0.9782 -0.1822
vn 0.1749 0.9747 -0.1392
vn 0.0200 0.9877 -0.1549
vn -0.0058 0.9831 -0.1831
vn 0.0352 0.9881 -0.1499
vn -0.1010 0.9933 -0.0565
vn -0.0798 0.9943 -0.0706
vn -0.0830 0.9933 -0.0808
vn -0.1487 0.9886 0.0252
vn -0.1592 0.9871 0.0190
vn -0.1270 0.9901 0.0598
vn -0.0992 0.9861 0.1335
vn -0.1120 0.9882 0.1044
vn 0.0795 0.9859 0.1469
vn 0.0068 0.9771 0.2127
vn -0.1012 0.9808 0.1665
vn 0.1522 0.9881 0.0232
vn 0.1135 0.9893 0.0918
vn 0.0608 0.9909 0.1198
vn 0.1335 0.9902 -0.0417
vn 0.1192 0.9911 -0.0586
vn 0.1505 0.9886 0.0056
vn 0.1006 0.9816 -0.1622
vn 0.1406 0.9852 -0.0985
vn 0.0021 0.9918 -0.1279
vn -0.0056 0.9844 -0.1757
vn 0.0318 0.9885 -0.1479
vn -0.1367 0.9901 -0.0310
vn -0.0956 0.9919 -0.0840
vn -0.0654 0.9890 -0.1328
vn -0.1462 0.9888 0.0287
vn -0.1513 0.9881 0.0288
vn -0.1299 0.9906 0.0421
vn -0.1084 0.9842 0.1399
vn -0.1120 0.9845 0.1352
vn 0.0855 0.9827 0.1644
vn 0.0066 0.9784 0.2068
vn -0.1045 0.9804 0.1673
vn 0.1816 0.9829 0.0300
vn 0.1560 0.9796 0.1268
vn 0.0751 0.9872 0.1406
vn 0.1378 0.9889 -0.0555
vn 0.1127 0.9927 -0.0419
vn 0.1715 0.9851 0.0127
vn 0.0565 0.9877 -0.1457
vn 0.1311 0.9877 -0.0851
vn 0.0201 0.9924 -0.1217
vn -0.0057 0.9838 -0.1794
vn 0.0286 0.9886 -0.1476
vn -0.1788 0.9835 -0.0273
vn -0.1411 0.9826 -0.1209
vn -0.0595 0.9811 -0.1843
vn -0.1285 0.9907 0.0441
vn -0.1493 0.9879 0.0426
vn -0.1339 0.9909 0.0165
vn -0.1115 0.9873 0.1133
vn -0.0951 0.9859 0.1380
vn 0.1024 0.9775 0.1843
vn 0.0074 0.9725 0.2326
vn -0.0949 0.9795 0.1775
vn 0.1894 0.9819 0.0058
vn 0.1430 0.9829 0.1162
vn 0.0557 0.9882 0.1425
vn 0.1494 0.9866 -0.0658
vn 0.1156 0.9921 -0.0492
vn 0.1691 0.9849 0.0372
vn 0.0740 0.9821 -0.1732
vn 0.1543 0.9821 -0.1079
vn 0.0415 0.9913 -0.1248
vn -0.0054 0.9853 -0.1705
vn 0.0150 0.9903 -0.1384
vn -0.1739 0.9832 -0.0546
vn -0.1647 0.9753 -0.1469
vn -0.0788 0.9797 -0.1845
vn -0.1128 0.9911 0.0701
vn -0.1470 0.9877 0.0536
vn -0.1413 0.9898 -0.0201
vn -0.1066 0.9907 0.0845
vn -0.0614 0.9923 0.1074
vn 0.1109 0.9812 0.1578
vn 0.0064 0.9795 0.2016
vn -0.0843 0.9837 0.1588
vn 0.2130 0.9770 -0.0036
vn 0.1666 0.9767 0.1354
vn 0.0576 0.9877 0.1453
vn 0.1497 0.9864 -0.0682
vn 0.1541 0.9880 0.0105
vn 0.1720 0.9813 0.0860
vn 0.1141 0.9808 -0.1584
vn 0.1317 0.9808 -0.1441
vn 0.0580 0.9870 -0.1495
vn -0.0053 0.9858 -0.1680
vn -0.0404 0.9886 -0.1450
vn -0.1311 0.9858 -0.1047
vn -0.1379 0.9819 -0.1295
vn -0.1018 0.9856 -0.1349
vn -0.1332 0.9874 0.0853
vn -0.2008 0.9771 0.0703
vn -0.1833 0.9826 -0.0304
vn -0.1005 0.9916 0.0819
vn -0.0506 0.9922 0.1137
vn 0.0770 0.9809 0.1788
vn 0.0072 0.9742 0.2255
vn -0.0495 0.9825 0.1796
vn 0.2043 0.9777 0.0490
vn 0.1968 0.9673 0.1599
vn 0.1209 0.9897 0.0767
vn 0.1662 0.9813 -0.0968
vn -0.1403 0.9570 0.2538
vn -0.1869 0.9576 0.2192
vn -0.1728 0.9719 0.1596
vn -0.1208 0.9719 0.2018
vn -0.0466 0.9705 0.2364
vn 0.0080 0.9675 0.2526
vn 0.0529 0.9711 0.2327
vn 0.1195 0.9749 0.1879
vn 0.1779 0.9749 0.1340
vn 0.2335 0.9702 0.0652
vn 0.2359 0.9680 0.0854
vn 0.1762 0.9843 -0.0091
vn 0.1659 0.9739 -0.1549
vn 0.1751 0.9697 -0.1705
vn 0.1336 0.9689 -0.2084
vn 0.1100 0.9732 -0.2019
vn -0.0057 0.9835 -0.1809
vn -0.1128 0.9744 -0.1942
vn -0.0638 0.9706 -0.2322
vn -0.1533 0.9803 -0.1246
vn -0.1820 0.9685 -0.1697
vn -0.2004 0.9576 -0.2069
vn -0.4640 -0.4290 0.7750
vn -0.6636 -0.4290 0.6129
vn -0.6636 0.4290 0.6129
vn -0.4640 0.4290 0.7750
vn -0.8599 -0.3818 0.3389
vn -0.7393 0.4594 0.4924
vn -0.8873 -0.4594 0.0418
vn -0.8934 0.3818 0.2369
vn -0.8881 -0.4594 0.0146
vn -0.9066 0.3818 -0.1798
vn -0.8756 -0.3696 -0.3109
vn -0.7771 0.4725 -0.4158
vn -0.6923 -0.4521 -0.5624
vn -0.7101 0.4036 -0.5769
vn -0.5374 -0.4161 -0.7335
vn -0.4843 0.4404 -0.7560
vn -0.2819 -0.4290 -0.8582
vn -0.2819 0.4290 -0.8582
vn -0.0287 -0.4290 -0.9029
vn -0.0287 0.4290 -0.9029
vn 0.2269 -0.4290 -0.8744
vn 0.2269 0.4290 -0.8744
vn 0.4640 -0.4290 -0.7750
vn 0.4640 0.4290 -0.7750
vn 0.6636 -0.4290 -0.6129
vn 0.6636 0.4290 -0.6129
vn 0.8094 -0.4290 -0.4011
vn 0.8094 0.4290 -0.4011
vn 0.8896 -0.4290 -0.1569
vn 0.8896 0.4290 -0.1569
vn 0.8978 -0.4290 0.1001
vn 0.8978 0.4290 0.1001
vn 0.8332 -0.4290 0.3490
vn 0.8332 0.4290 0.3490
vn 0.7011 -0.4290 0.5696
vn 0.7011 0.4290 0.5696
vn 0.5122 -0.4290 0.7440
vn 0.5122 0.4290 0.7440
vn 0.2819 -0.4290 0.8582
vn 0.2819 0.4290 0.8582
vn 0.0287 -0.4290 0.9029
vn 0.0287 0.4290 0.9029
vn -0.2269 -0.4290 0.8744
vn -0.2269 0.4290 0.8744
vn 1.0000 -0.0000 -0.0000
vn 0.8660 -0.0000 -0.5000
vn 0.8072 0.3624 -0.4660
vn 0.9320 0.3624 -0.0000
vn 0.5000 -0.0000 -0.8660
vn 0.4660 0.3624 -0.8072
vn -0.0000 -0.0000 -1.0000
vn -0.0000 0.3624 -0.9320
vn -0.5000 -0.0000 -0.8660
vn -0.4660 0.3624 -0.8072
vn -0.8660 -0.0000 -0.5000
vn -0.8072 0.3624 -0.4660
vn -1.0000 -0.0000 -0.0000
vn -0.9320 0.3624 -0.0000
vn -0.8660 -0.0000 0.5000
vn -0.8072 0.3624 0.4660
vn -0.5000 -0.0000 0.8660
vn -0.4660 0.3624 0.8072
vn -0.0000 -0.0000 1.0000
vn -0.0000 0.3624 0.9320
vn 0.5000 -0.0000 0.8660
vn 0.4660 0.3624 0.8072
vn 0.8660 -0.0000 0.5000
vn 0.8072 0.3624 0.4660
vn 0.8116 0.3490 -0.4686
vn 0.9371 0.3490 -0.0000
vn 0.4686 0.3490 -0.8116
vn -0.0000 0.3490 -0.9371
vn -0.4686 0.3490 -0.8116
vn -0.8116 0.3490 -0.4686
vn -0.9371 0.3490 -0.0000
vn -0.8116 0.3490 0.4686
vn -0.4686 0.3490 0.8116
vn -0.0000 0.3490 0.9371
vn 0.4686 0.3490 0.8116
vn 0.8116 0.3490 0.4686
vn 0.8294 -0.2878 -0.4788
vn 0.9577 -0.2878 -0.0000
vn 0.4788 -0.2878 -0.8294
vn -0.0000 -0.2878 -0.9577
vn -0.4788 -0.2878 -0.8294
vn -0.8294 -0.2878 -0.4789
vn -0.9577 -0.2878 -0.0000
vn -0.8294 -0.2878 0.4788
vn -0.4788 -0.2878 0.8294
vn -0.0000 -0.2878 0.9577
vn 0.4788 -0.2878 0.8294
vn 0.8294 -0.2878 0.4789
vn 0.0483 0.9984 -0.0279
vn 0.0557 0.9984 -0.0000
vn 0.4706 0.8824 -0.0000
vn 0.4075 0.8824 -0.2353
vn 0.0483 0.9984 0.0279
vn 0.4075 0.8824 0.2353
vn 0.0279 0.9984 0.0483
vn 0.2353 0.8824 0.4075
vn -0.0000 0.9984 0.0557
vn -0.0000 0.8824 0.4705
vn -0.0279 0.9984 0.0483
vn -0.2353 0.8824 0.4075
vn -0.0483 0.9984 0.0279
vn -0.4075 0.8824 0.2353
vn -0.0557 0.9984 -0.0000
vn -0.4706 0.8824 -0.0000
vn -0.0483 0.9984 -0.0279
vn -0.4075 0.8824 -0.2353
vn -0.0279 0.9984 -0.0483
vn -0.2353 0.8824 -0.4075
vn -0.0000 0.9984 -0.0557
vn -0.0000 0.8824 -0.4705
vn 0.0279 0.9984 -0.0483
vn 0.2353 0.8824 -0.4075
vn -0.0015 1.0000 0.0009
vn -0.0017 1.0000 -0.0000
vn 0.4333 0.9012 -0.0000
vn 0.3753 0.9012 -0.2166
vn -0.0015 1.0000 -0.0009
vn 0.3753 0.9012 0.2167
vn -0.0009 1.0000 -0.0015
vn 0.2167 0.9012 0.3753
vn -0.0000 1.0000 -0.0017
vn -0.0000 0.9013 0.4333
vn 0.0009 1.0000 -0.0015
vn -0.2166 0.9013 0.3752
vn 0.0015 1.0000 -0.0009
vn -0.3752 0.9013 0.2166
vn 0.0017 1.0000 -0.0000
vn -0.4333 0.9013 -0.0000
vn 0.0015 1.0000 0.0009
vn -0.3752 0.9013 -0.2166
vn 0.0009 1.0000 0.0015
vn -0.2166 0.9013 -0.3752
vn -0.0000 1.0000 0.0017
vn -0.0000 0.9013 -0.4333
vn -0.0009 1.0000 0.0015
vn 0.2166 0.9013 -0.3752
vn 0.3762 0.9007 -0.2172
vn -0.0000 1.0000 -0.0000
vn 0.4344 0.9007 -0.0000
vn 0.2172 0.9007 -0.3762
vn -0.0000 0.9007 -0.4343
vn -0.2172 0.9007 -0.3762
vn -0.3762 0.9007 -0.2172
vn -0.4344 0.9007 -0.0000
vn -0.3762 0.9007 0.2172
vn -0.2172 0.9007 0.3762
vn -0.0000 0.9007 0.4344
vn 0.2172 0.9007 0.3762
vn 0.3762 0.9007 0.2172
vn 0.8354 -0.2637 -0.4823
vn 0.8073 0.3620 -0.4661
vn 0.9322 0.3620 -0.0000
vn 0.9646 -0.2637 -0.0000
vn 0.4823 -0.2637 -0.8354
vn 0.4661 0.3620 -0.8073
vn -0.0000 -0.2637 -0.9646
vn -0.0000 0.3620 -0.9322
vn -0.4823 -0.2637 -0.8354
vn -0.4661 0.3620 -0.8073
vn -0.8354 -0.2637 -0.4823
vn -0.8073 0.3620 -0.4661
vn -0.9646 -0.2637 -0.0000
vn -0.9322 0.3620 -0.0000
vn -0.8354 -0.2637 0.4823
vn -0.8073 0.3620 0.4661
vn -0.4823 -0.2637 0.8354
vn -0.4661 0.3620 0.8073
vn -0.0000 -0.2637 0.9646
vn -0.0000 0.3620 0.9322
vn 0.4823 -0.2637 0.8354
vn 0.4661 0.3620 0.8073
vn 0.8354 -0.2637 0.4823
vn 0.8073 0.3620 0.4661
vn 0.2747 -0.9544 -0.1166
vn -0.2521 -0.9544 0.1598
vn -0.4276 -0.9014 -0.0678
vn 0.1872 -0.9014 -0.3904
vn 0.1421 0.9329 -0.3310
vn 0.1034 0.8407 -0.5316
vn -0.4962 0.8407 -0.2170
vn -0.3531 0.9329 -0.0711
vn 0.8128 -0.2838 -0.5087
vn 0.6390 -0.3518 -0.6841
vn 0.5984 0.3251 -0.7322
vn 0.7773 0.2917 -0.5574
vn -0.0924 -0.3732 -0.9231
vn -0.7071 -0.3732 -0.6006
vn -0.7125 0.3103 -0.6293
vn -0.1130 0.3103 -0.9439
vn -0.9260 -0.3518 0.1371
vn -0.8805 -0.2838 0.3798
vn -0.9004 0.2917 0.3229
vn -0.9426 0.3251 0.0764
vn -0.2747 -0.9544 0.1167
vn 0.2521 -0.9544 -0.1598
vn 0.4276 -0.9014 0.0678
vn -0.1871 -0.9014 0.3904
vn -0.1421 0.9329 0.3310
vn -0.1034 0.8407 0.5316
vn 0.4962 0.8407 0.2170
vn 0.3531 0.9329 0.0711
vn -0.8128 -0.2838 0.5087
vn -0.6390 -0.3518 0.6841
vn -0.5984 0.3251 0.7322
vn -0.7773 0.2916 0.5574
vn 0.0924 -0.3732 0.9231
vn 0.7071 -0.3732 0.6006
vn 0.7125 0.3103 0.6293
vn 0.1130 0.3103 0.9439
vn 0.9260 -0.3518 -0.1371
vn 0.8804 -0.2838 -0.3798
vn 0.9004 0.2916 -0.3229
vn 0.9426 0.3251 -0.0764
vn 0.1167 -0.9544 0.2747
vn -0.1598 -0.9544 -0.2521
vn 0.0678 -0.9014 -0.4276
vn 0.3904 -0.9014 0.1872
vn 0.3310 0.9329 0.1421
vn 0.5316 0.8407 0.1034
vn 0.2170 0.8407 -0.4962
vn 0.0711 0.9329 -0.3531
vn 0.5087 -0.2838 0.8128
vn 0.6841 -0.3518 0.6390
vn 0.7322 0.3252 0.5984
vn 0.5574 0.2917 0.7773
vn 0.9231 -0.3732 -0.0924
vn 0.6006 -0.3732 -0.7071
vn 0.6293 0.3104 -0.7125
vn 0.9439 0.3104 -0.1130
vn -0.1371 -0.3518 -0.9260
vn -0.3798 -0.2838 -0.8804
vn -0.3229 0.2916 -0.9004
vn -0.0764 0.3252 -0.9426
vn -0.1166 -0.9544 -0.2747
vn 0.1598 -0.9544 0.2521
vn -0.0678 -0.9014 0.4276
vn -0.3904 -0.9014 -0.1872
vn -0.3310 0.9329 -0.1421
vn -0.5316 0.8407 -0.1034
vn -0.2170 0.8407 0.4962
vn -0.0711 0.9329 0.3531
vn -0.5087 -0.2838 -0.8128
vn -0.6841 -0.3518 -0.6390
vn -0.7322 0.3251 -0.5985
vn -0.5574 0.2916 -0.7773
vn -0.9231 -0.3732 0.0924
vn -0.6006 -0.3732 0.7071
vn -0.6293 0.3103 0.7125
vn -0.9439 0.3103 0.1129
vn 0.1371 -0.3518 0.9260
vn 0.3798 -0.2838 0.8804
vn 0.3229 0.2917 0.9004
vn 0.0764 0.3251 0.9426
vn 0.2768 -0.9544 0.1118
vn -0.2913 -0.9544 -0.0653
vn -0.2544 -0.9014 -0.3503
vn 0.4084 -0.9014 -0.1437
vn 0.3345 0.9329 -0.1336
vn 0.4490 0.8407 -0.3028
vn -0.1974 0.8407 -0.5043
vn -0.1993 0.9329 -0.3000
vn 0.9344 -0.2838 0.2151
vn 0.9355 -0.3518 -0.0319
vn 0.9409 0.3252 -0.0946
vn 0.9438 0.2917 0.1555
vn 0.5874 -0.3732 -0.7181
vn -0.0753 -0.3732 -0.9247
vn -0.0588 0.3104 -0.9488
vn 0.5876 0.3103 -0.7473
vn -0.7517 -0.3518 -0.5578
vn -0.8911 -0.2838 -0.3540
vn -0.8650 0.2917 -0.4083
vn -0.7205 0.3252 -0.6125
vn -0.2768 -0.9544 -0.1118
vn 0.2913 -0.9544 0.0653
vn 0.2544 -0.9014 0.3503
vn -0.4084 -0.9014 0.1437
vn -0.3345 0.9329 0.1336
vn -0.4490 0.8407 0.3028
vn 0.1974 0.8407 0.5043
vn 0.1994 0.9329 0.3000
vn -0.9344 -0.2838 -0.2151
vn -0.9355 -0.3518 0.0319
vn -0.9409 0.3251 0.0946
vn -0.9438 0.2917 -0.1555
vn -0.5874 -0.3732 0.7181
vn 0.0753 -0.3732 0.9247
vn 0.0588 0.3104 0.9488
vn -0.5876 0.3103 0.7473
vn 0.7517 -0.3518 0.5578
vn 0.8911 -0.2838 0.3540
vn 0.8650 0.2917 0.4083
vn 0.7205 0.3252 0.6125
vn -0.1118 -0.9544 0.2768
vn 0.0653 -0.9544 -0.2913
vn 0.3503 -0.9014 -0.2544
vn 0.1437 -0.9014 0.4084
vn 0.1335 0.9329 0.3345
vn 0.3028 0.8407 0.4490
vn 0.5043 0.8407 -0.1974
vn 0.3000 0.9329 -0.1994
vn -0.2151 -0.2838 0.9345
vn 0.0319 -0.3518 0.9355
vn 0.0946 0.3251 0.9409
vn -0.1555 0.2916 0.9438
vn 0.7181 -0.3732 0.5874
vn 0.9247 -0.3732 -0.0753
vn 0.9488 0.3104 -0.0589
vn 0.7473 0.3104 0.5876
vn 0.5578 -0.3518 -0.7517
vn 0.3540 -0.2838 -0.8911
vn 0.4083 0.2916 -0.8650
vn 0.6125 0.3252 -0.7205
vn 0.1118 -0.9544 -0.2768
vn -0.0653 -0.9544 0.2913
vn -0.3503 -0.9014 0.2544
vn -0.1437 -0.9014 -0.4084
vn -0.1335 0.9329 -0.3345
vn -0.3028 0.8407 -0.4490
vn -0.5043 0.8407 0.1974
vn -0.2999 0.9329 0.1994
vn 0.2151 -0.2838 -0.9344
vn -0.0319 -0.3518 -0.9355
vn -0.0946 0.3251 -0.9409
vn 0.1555 0.2917 -0.9438
vn -0.7181 -0.3732 -0.5874
vn -0.9247 -0.3732 0.0753
vn -0.9488 0.3104 0.0589
vn -0.7473 0.3104 -0.5875
vn -0.5578 -0.3518 0.7517
vn -0.3540 -0.2838 0.8911
vn -0.4083 0.2917 0.8650
vn -0.6125 0.3251 0.7205
vn 0.0665 -0.8924 -0.4463
vn -0.4051 -0.8924 -0.1989
vn -0.5353 -0.7905 -0.2977
vn 0.0592 -0.7905 -0.6096
vn 0.3342 0.9423 -0.0190
vn 0.2284 0.9170 -0.3271
vn -0.3990 0.9170 0.0020
vn -0.2055 0.9423 0.2642
vn 0.7500 -0.2886 -0.5952
vn 0.5769 -0.2999 -0.7598
vn 0.6572 0.3551 -0.6648
vn 0.8220 0.2757 -0.4982
vn -0.1224 -0.2759 -0.9534
vn -0.7149 -0.2759 -0.6425
vn -0.7043 0.4022 -0.5850
vn -0.0812 0.4022 -0.9119
vn -0.9530 -0.2999 0.0429
vn -0.9159 -0.2886 0.2789
vn -0.8771 0.2757 0.3933
vn -0.9205 0.3551 0.1631
vn -0.0665 -0.8924 0.4463
vn 0.4051 -0.8924 0.1989
vn 0.5353 -0.7905 0.2977
vn -0.0592 -0.7905 0.6096
vn -0.3342 0.9423 0.0190
vn -0.2284 0.9170 0.3271
vn 0.3990 0.9170 -0.0020
vn 0.2055 0.9423 -0.2642
vn -0.7500 -0.2886 0.5952
vn -0.5768 -0.2999 0.7598
vn -0.6572 0.3551 0.6648
vn -0.8220 0.2757 0.4982
vn 0.1224 -0.2759 0.9534
vn 0.7149 -0.2759 0.6425
vn 0.7043 0.4023 0.5850
vn 0.0812 0.4023 0.9119
vn 0.9530 -0.2999 -0.0429
vn 0.9159 -0.2886 -0.2789
vn 0.8771 0.2757 -0.3933
vn 0.9205 0.3551 -0.1631
vn 0.4463 -0.8924 0.0665
vn 0.1989 -0.8924 -0.4050
vn 0.2977 -0.7905 -0.5353
vn 0.6096 -0.7905 0.0592
vn 0.0190 0.9423 0.3342
vn 0.3271 0.9170 0.2284
vn -0.0020 0.9170 -0.3990
vn -0.2642 0.9423 -0.2055
vn 0.5952 -0.2886 0.7500
vn 0.7598 -0.2999 0.5769
vn 0.6648 0.3551 0.6572
vn 0.4982 0.2757 0.8220
vn 0.9534 -0.2759 -0.1224
vn 0.6425 -0.2759 -0.7149
vn 0.5850 0.4022 -0.7042
vn 0.9119 0.4023 -0.0812
vn -0.0429 -0.2999 -0.9530
vn -0.2789 -0.2886 -0.9159
vn -0.3933 0.2757 -0.8771
vn -0.1631 0.3551 -0.9205
vn -0.4463 -0.8924 -0.0665
vn -0.1989 -0.8924 0.4050
vn -0.2977 -0.7905 0.5353
vn -0.6096 -0.7905 -0.0592
vn -0.0190 0.9423 -0.3342
vn -0.3271 0.9170 -0.2284
vn 0.0020 0.9170 0.3990
vn 0.2642 0.9423 0.2055
vn -0.5952 -0.2886 -0.7500
vn -0.7598 -0.2999 -0.5768
vn -0.6648 0.3551 -0.6572
vn -0.4982 0.2757 -0.8220
vn -0.9534 -0.2759 0.1224
vn -0.6425 -0.2759 0.7149
vn -0.5850 0.4022 0.7043
vn -0.9119 0.4023 0.0812
vn 0.0429 -0.2999 0.9530
vn 0.2789 -0.2886 0.9159
vn 0.3933 0.2757 0.8771
vn 0.1631 0.3551 0.9205
vn 0.3626 -0.8924 -0.2685
vn -0.1458 -0.8924 -0.4270
vn -0.1680 -0.7905 -0.5890
vn 0.4729 -0.7905 -0.3892
vn 0.2497 0.9423 0.2229
vn 0.3928 0.9170 -0.0698
vn -0.2835 0.9170 -0.2807
vn -0.3322 0.9423 0.0415
vn 0.9512 -0.2886 0.1095
vn 0.9452 -0.2999 -0.1293
vn 0.9348 0.3551 -0.0053
vn 0.9336 0.2757 0.2290
vn 0.5876 -0.2759 -0.7607
vn -0.0512 -0.2759 -0.9598
vn -0.0843 0.4023 -0.9116
vn 0.5874 0.4023 -0.7022
vn -0.7042 -0.2999 -0.6435
vn -0.8449 -0.2886 -0.4504
vn -0.8983 0.2757 -0.3421
vn -0.7662 0.3551 -0.5356
vn -0.3626 -0.8924 0.2686
vn 0.1458 -0.8924 0.4270
vn 0.1680 -0.7905 0.5890
vn -0.4729 -0.7905 0.3892
vn -0.2498 0.9423 -0.2229
vn -0.3928 0.9170 0.0698
vn 0.2835 0.9170 0.2807
vn 0.3322 0.9423 -0.0415
vn -0.9512 -0.2886 -0.1095
vn -0.9451 -0.2999 0.1294
vn -0.9348 0.3551 0.0053
vn -0.9336 0.2757 -0.2290
vn -0.5875 -0.2759 0.7607
vn 0.0512 -0.2759 0.9598
vn 0.0843 0.4022 0.9116
vn -0.5874 0.4022 0.7022
vn 0.7042 -0.2999 0.6435
vn 0.8449 -0.2886 0.4504
vn 0.8983 0.2757 0.3421
vn 0.7662 0.3551 0.5356
vn 0.2686 -0.8924 0.3626
vn 0.4270 -0.8924 -0.1458
vn 0.5890 -0.7905 -0.1680
vn 0.3892 -0.7905 0.4729
vn -0.2229 0.9423 0.2497
vn 0.0698 0.9170 0.3928
vn 0.2807 0.9170 -0.2835
vn -0.0415 0.9423 -0.3322
vn -0.1094 -0.2886 0.9512
vn 0.1294 -0.2999 0.9452
vn 0.0053 0.3551 0.9348
vn -0.2290 0.2757 0.9336
vn 0.7607 -0.2759 0.5876
vn 0.9598 -0.2759 -0.0512
vn 0.9116 0.4022 -0.0843
vn 0.7022 0.4022 0.5874
vn 0.6435 -0.2999 -0.7042
vn 0.4504 -0.2886 -0.8449
vn 0.3421 0.2757 -0.8983
vn 0.5356 0.3551 -0.7662
vn -0.2686 -0.8924 -0.3626
vn -0.4270 -0.8924 0.1458
vn -0.5890 -0.7905 0.1680
vn -0.3892 -0.7905 -0.4729
vn 0.2229 0.9423 -0.2497
vn -0.0699 0.9170 -0.3928
vn -0.2807 0.9170 0.2835
vn 0.0415 0.9423 0.3322
vn 0.1094 -0.2886 -0.9512
vn -0.1294 -0.2999 -0.9452
vn -0.0053 0.3551 -0.9348
vn 0.2290 0.2757 -0.9336
vn -0.7607 -0.2759 -0.5876
vn -0.9598 -0.2759 0.0512
vn -0.9116 0.4022 0.0843
vn -0.7023 0.4022 -0.5874
vn -0.6435 -0.2999 0.7042
vn -0.4504 -0.2886 0.8449
vn -0.3421 0.2757 0.8983
vn -0.5356 0.3551 0.7662
vn 0.5853 -0.3566 -0.7282
vn 0.4072 -0.3566 -0.8409
vn 0.3140 0.6629 -0.6797
vn 0.4796 0.6629 -0.5750
vn 0.1427 -0.3566 -0.9233
vn -0.0678 -0.3566 -0.9318
vn -0.0679 0.6629 -0.7457
vn 0.1278 0.6629 -0.7377
vn -0.3380 -0.3566 -0.8710
vn -0.5246 -0.3566 -0.7730
vn -0.4316 0.6629 -0.6118
vn -0.2582 0.6629 -0.7028
vn -0.7282 -0.3566 -0.5852
vn -0.8408 -0.3566 -0.4072
vn -0.6797 0.6629 -0.3140
vn -0.5750 0.6629 -0.4796
vn -0.9233 -0.3566 -0.1427
vn -0.9318 -0.3566 0.0678
vn -0.7457 0.6629 0.0679
vn -0.7377 0.6629 -0.1278
vn -0.8710 -0.3566 0.3380
vn -0.7731 -0.3566 0.5246
vn -0.6118 0.6629 0.4316
vn -0.7028 0.6629 0.2582
vn -0.5852 -0.3566 0.7282
vn -0.4072 -0.3566 0.8409
vn -0.3141 0.6629 0.6797
vn -0.4796 0.6629 0.5750
vn -0.1427 -0.3566 0.9233
vn 0.0678 -0.3566 0.9318
vn 0.0679 0.6629 0.7457
vn -0.1278 0.6629 0.7378
vn 0.3380 -0.3566 0.8710
vn 0.5246 -0.3566 0.7731
vn 0.4316 0.6629 0.6118
vn 0.2582 0.6629 0.7028
vn 0.7282 -0.3566 0.5853
vn 0.8409 -0.3566 0.4072
vn 0.6797 0.6629 0.3140
vn 0.5750 0.6629 0.4796
vn 0.9233 -0.3566 0.1427
vn 0.9318 -0.3566 -0.0678
vn 0.7457 0.6629 -0.0679
vn 0.7378 0.6629 0.1278
vn 0.8710 -0.3566 -0.3380
vn 0.7731 -0.3566 -0.5246
vn 0.6118 0.6629 -0.4316
vn 0.7028 0.6629 -0.2582
vn 0.5225 -0.6726 -0.5241
vn -0.7281 -0.6726 0.1321
vn 0.3968 0.6715 -0.6258
vn -0.7405 0.6715 -0.0291
vn -0.5225 -0.6726 0.5241
vn 0.7281 -0.6726 -0.1321
vn -0.3968 0.6715 0.6259
vn 0.7405 0.6715 0.0291
vn 0.5241 -0.6726 0.5225
vn -0.1321 -0.6726 -0.7281
vn 0.6259 0.6715 0.3968
vn 0.0291 0.6715 -0.7405
vn -0.5241 -0.6726 -0.5225
vn 0.1321 -0.6726 0.7281
vn -0.6259 0.6714 -0.3968
vn -0.0291 0.6715 0.7405
vn 0.7400 -0.6726 -0.0011
vn -0.6083 -0.6726 -0.4214
vn 0.7231 0.6715 -0.1620
vn -0.5030 0.6715 -0.5442
vn -0.7400 -0.6726 0.0011
vn 0.6083 -0.6726 0.4214
vn -0.7231 0.6715 0.1620
vn 0.5030 0.6715 0.5442
vn 0.0012 -0.6726 0.7400
vn 0.4215 -0.6726 -0.6083
vn 0.1619 0.6715 0.7231
vn 0.5442 0.6714 -0.5030
vn -0.0011 -0.6726 -0.7400
vn -0.4214 -0.6726 0.6083
vn -0.1619 0.6715 -0.7231
vn -0.5441 0.6715 0.5030
vn 0.3164 -0.6532 -0.6879
vn -0.7459 -0.6532 -0.1305
vn 0.5714 0.6608 -0.4867
vn -0.7252 0.6608 0.1936
vn -0.3164 -0.6532 0.6880
vn 0.7459 -0.6532 0.1305
vn -0.5714 0.6608 0.4867
vn 0.7252 0.6608 -0.1936
vn 0.6879 -0.6532 0.3164
vn 0.1306 -0.6532 -0.7459
vn 0.4867 0.6608 0.5714
vn -0.1936 0.6608 -0.7252
vn -0.6879 -0.6532 -0.3164
vn -0.1306 -0.6532 0.7459
vn -0.4867 0.6608 -0.5714
vn 0.1936 0.6608 0.7252
vn 0.7102 -0.6532 -0.2627
vn -0.4351 -0.6532 -0.6197
vn 0.7482 0.6608 0.0599
vn -0.6497 0.6608 -0.3759
vn -0.7102 -0.6532 0.2627
vn 0.4351 -0.6532 0.6197
vn -0.7482 0.6608 -0.0599
vn 0.6497 0.6608 0.3758
vn 0.2628 -0.6531 0.7102
vn 0.6197 -0.6531 -0.4351
vn -0.0599 0.6608 0.7482
vn 0.3759 0.6608 -0.6497
vn -0.2627 -0.6532 -0.7102
vn -0.6197 -0.6532 0.4351
vn 0.0599 0.6608 -0.7482
vn -0.3758 0.6608 0.6497
vn -0.0000 -1.0000 -0.0000
vn 0.5384 -0.6809 -0.4966
vn 0.2179 -0.6809 -0.6992
vn -0.1608 -0.6809 -0.7145
vn -0.4966 -0.6809 -0.5384
vn -0.6992 -0.6809 -0.2180
vn -0.7145 -0.6809 0.1609
vn -0.5384 -0.6809 0.4966
vn -0.2180 -0.6809 0.6992
vn 0.1609 -0.6809 0.7145
vn 0.4965 -0.6809 0.5384
vn 0.6992 -0.6809 0.2180
vn 0.7145 -0.6809 -0.1609
vt 0.832177 0.186364
vt 0.825586 0.184600
vt 0.824379 0.187402
vt 0.830205 0.190942
vt 0.822427 0.189753
vt 0.827017 0.194782
vt 0.819889 0.191460
vt 0.822869 0.197571
vt 0.816969 0.192386
vt 0.818100 0.199084
vt 0.813905 0.192455
vt 0.813094 0.199197
vt 0.810945 0.191663
vt 0.808258 0.197902
vt 0.808328 0.190073
vt 0.803983 0.195305
vt 0.806266 0.187813
vt 0.800615 0.191614
vt 0.804928 0.185068
vt 0.798428 0.187130
vt 0.804420 0.182060
vt 0.797599 0.182215
vt 0.804784 0.179032
vt 0.798194 0.177267
vt 0.805991 0.176229
vt 0.800165 0.172689
vt 0.807943 0.173878
vt 0.803489 0.167316
vt 0.810481 0.172171
vt 0.807636 0.164527
vt 0.813401 0.171245
vt 0.812270 0.164548
vt 0.816465 0.171176
vt 0.817276 0.164434
vt 0.819426 0.171968
vt 0.822112 0.165729
vt 0.822043 0.173558
vt 0.826388 0.168326
vt 0.824104 0.175818
vt 0.829755 0.172017
vt 0.825443 0.178563
vt 0.831942 0.176502
vt 0.825950 0.181571
vt 0.832772 0.181417
vt 0.845225 0.200070
vt 0.849168 0.190912
vt 0.838848 0.207749
vt 0.830553 0.213326
vt 0.821014 0.216351
vt 0.811003 0.216579
vt 0.801330 0.213989
vt 0.792780 0.208794
vt 0.786045 0.201413
vt 0.781671 0.192444
vt 0.780012 0.182614
vt 0.781202 0.172719
vt 0.785146 0.163562
vt 0.791792 0.152826
vt 0.800086 0.147248
vt 0.809356 0.147280
vt 0.819367 0.147053
vt 0.829040 0.149642
vt 0.837590 0.154837
vt 0.844325 0.162218
vt 0.848699 0.171187
vt 0.850358 0.181017
vt 0.860245 0.209197
vt 0.866160 0.195460
vt 0.850679 0.220715
vt 0.838238 0.229082
vt 0.823929 0.233619
vt 0.808912 0.233960
vt 0.794403 0.230076
vt 0.781578 0.222283
vt 0.771623 0.211224
vt 0.764914 0.197758
vt 0.762425 0.183013
vt 0.764210 0.168171
vt 0.770126 0.154435
vt 0.779960 0.139859
vt 0.792402 0.131492
vt 0.806441 0.130012
vt 0.821458 0.129671
vt 0.835967 0.133555
vt 0.848792 0.141348
vt 0.858895 0.152420
vt 0.865456 0.165873
vt 0.867945 0.180618
vt 0.875264 0.218324
vt 0.883151 0.200008
vt 0.862510 0.233681
vt 0.845922 0.244837
vt 0.826844 0.250887
vt 0.806821 0.251342
vt 0.787476 0.246163
vt 0.770375 0.235772
vt 0.756903 0.221010
vt 0.748156 0.203072
vt 0.744838 0.183412
vt 0.747219 0.163623
vt 0.755106 0.145307
vt 0.768129 0.126893
vt 0.784717 0.115737
vt 0.803527 0.112744
vt 0.823549 0.112289
vt 0.842894 0.117468
vt 0.859995 0.127859
vt 0.873465 0.142621
vt 0.882214 0.160559
vt 0.885532 0.180219
vt 0.890284 0.227451
vt 0.900143 0.204557
vt 0.874367 0.246353
vt 0.853606 0.260593
vt 0.829758 0.268155
vt 0.804730 0.268723
vt 0.780548 0.262250
vt 0.759173 0.249261
vt 0.742191 0.230795
vt 0.731399 0.208386
vt 0.727252 0.183811
vt 0.730227 0.159075
vt 0.740086 0.136181
vt 0.756302 0.113882
vt 0.777033 0.099982
vt 0.800612 0.095476
vt 0.825640 0.094908
vt 0.849822 0.101381
vt 0.871197 0.114370
vt 0.888035 0.132823
vt 0.898971 0.155245
vt 0.903119 0.179820
vt 0.905304 0.236578
vt 0.917134 0.209105
vt 0.886189 0.259422
vt 0.861318 0.276029
vt 0.832673 0.285423
vt 0.802639 0.286105
vt 0.773621 0.278337
vt 0.747970 0.262751
vt 0.727765 0.240607
vt 0.714642 0.213700
vt 0.709665 0.184210
vt 0.713236 0.154526
vt 0.725066 0.127054
vt 0.744463 0.101005
vt 0.769349 0.084226
vt 0.797697 0.078208
vt 0.827732 0.077527
vt 0.856749 0.085294
vt 0.882400 0.100881
vt 0.902850 0.123046
vt 0.915728 0.149931
vt 0.920705 0.179421
vt 0.920324 0.245705
vt 0.934126 0.213653
vt 0.898012 0.272488
vt 0.868991 0.291920
vt 0.835588 0.302691
vt 0.800548 0.303486
vt 0.766693 0.294424
vt 0.736768 0.276240
vt 0.712855 0.250375
vt 0.697885 0.219014
vt 0.692227 0.184623
vt 0.696244 0.149978
vt 0.710047 0.117927
vt 0.732635 0.087993
vt 0.761680 0.068297
vt 0.794783 0.060940
vt 0.829822 0.060145
vt 0.863676 0.069207
vt 0.893602 0.087392
vt 0.917175 0.113226
vt 0.932485 0.144617
vt 0.938292 0.179022
vt 0.935343 0.254832
vt 0.951117 0.218201
vt 0.909835 0.285555
vt 0.876663 0.307810
vt 0.838502 0.319959
vt 0.798456 0.320868
vt 0.759766 0.310511
vt 0.725566 0.289729
vt 0.698459 0.260189
vt 0.681128 0.224328
vt 0.674562 0.185015
vt 0.679593 0.143765
vt 0.695026 0.108799
vt 0.720817 0.074885
vt 0.753988 0.052631
vt 0.791868 0.043672
vt 0.831951 0.042334
vt 0.870604 0.053120
vt 0.904805 0.073902
vt 0.931501 0.103406
vt 0.949242 0.139303
vt 0.955879 0.178623
vt 0.950363 0.263959
vt 0.968109 0.222749
vt 0.921635 0.298875
vt 0.884310 0.323992
vt 0.841417 0.337227
vt 0.796348 0.338451
vt 0.752839 0.326598
vt 0.714363 0.303218
vt 0.684075 0.270004
vt 0.664371 0.229642
vt 0.656752 0.184458
vt 0.662379 0.140332
vt 0.680007 0.099672
vt 0.708977 0.062012
vt 0.746295 0.036971
vt 0.788953 0.026404
vt 0.834014 0.025273
vt 0.877531 0.037033
vt 0.916007 0.060413
vt 0.946315 0.093629
vt 0.965999 0.133989
vt 0.973466 0.178224
vt 0.964990 0.272847
vt 0.984656 0.227178
vt 0.933183 0.311198
vt 0.891821 0.339021
vt 0.844255 0.354043
vt 0.794341 0.355037
vt 0.746092 0.342264
vt 0.703454 0.316354
vt 0.670115 0.279566
vt 0.648052 0.234817
vt 0.639738 0.185961
vt 0.645626 0.136989
vt 0.665380 0.090784
vt 0.697445 0.049502
vt 0.738802 0.021748
vt 0.786115 0.009588
vt 0.836017 0.008731
vt 0.884278 0.021367
vt 0.926916 0.047277
vt 0.960504 0.084087
vt 0.982318 0.128814
vt 0.990592 0.177835
vt 0.985100 0.227297
vt 0.965383 0.273086
vt 0.933490 0.311571
vt 0.933486 0.311616
vt 0.892019 0.339465
vt 0.892015 0.339511
vt 0.844331 0.354494
vt 0.794284 0.355525
vt 0.794280 0.355573
vt 0.745911 0.342685
vt 0.703160 0.316707
vt 0.669708 0.279820
vt 0.669673 0.279817
vt 0.647614 0.234956
vt 0.639273 0.186001
vt 0.639265 0.186001
vt 0.645169 0.136899
vt 0.645161 0.136899
vt 0.664987 0.090546
vt 0.697137 0.049149
vt 0.697139 0.049130
vt 0.738602 0.021322
vt 0.738604 0.021303
vt 0.786039 0.009137
vt 0.836075 0.008239
vt 0.836079 0.008186
vt 0.884459 0.020946
vt 0.927210 0.046924
vt 0.960885 0.083830
vt 0.982757 0.128675
vt 0.991052 0.177824
vt 0.984632 0.777646
vt 0.948685 0.857068
vt 0.891671 0.923410
vt 0.891662 0.923489
vt 0.818254 0.970850
vt 0.818245 0.970929
vt 0.734386 0.995517
vt 0.646820 0.995797
vt 0.646811 0.995880
vt 0.562645 0.971714
vt 0.488713 0.924924
vt 0.431330 0.859353
vt 0.431269 0.859347
vt 0.394186 0.780213
vt 0.381152 0.694354
vt 0.381137 0.694353
vt 0.393033 0.608695
vt 0.393018 0.608694
vt 0.429188 0.528289
vt 0.486739 0.456910
vt 0.486743 0.456877
vt 0.560143 0.409588
vt 0.560147 0.409555
vt 0.643487 0.389839
vt 0.731029 0.389782
vt 0.731039 0.389691
vt 0.815228 0.413642
vt 0.889160 0.460432
vt 0.946872 0.526037
vt 0.983686 0.605143
vt 0.996622 0.691340
vt 0.983858 0.777424
vt 0.948006 0.856637
vt 0.922711 0.840629
vt 0.955062 0.769149
vt 0.891125 0.922948
vt 0.871323 0.901031
vt 0.817900 0.970264
vt 0.805246 0.943748
vt 0.734267 0.994725
vt 0.729840 0.965234
vt 0.646914 0.995152
vt 0.650953 0.966220
vt 0.562976 0.970984
vt 0.575274 0.943810
vt 0.489237 0.924316
vt 0.508735 0.901699
vt 0.431897 0.858906
vt 0.456616 0.842636
vt 0.394958 0.779984
vt 0.423662 0.771460
vt 0.381929 0.694297
vt 0.411733 0.692216
vt 0.393794 0.608865
vt 0.422984 0.615247
vt 0.429867 0.528719
vt 0.455162 0.544728
vt 0.487276 0.457454
vt 0.507043 0.479695
vt 0.560488 0.410256
vt 0.573106 0.437112
vt 0.643606 0.390631
vt 0.648032 0.420123
vt 0.730937 0.390411
vt 0.726906 0.419268
vt 0.814897 0.414372
vt 0.802598 0.441545
vt 0.888636 0.461040
vt 0.869137 0.483657
vt 0.946197 0.526473
vt 0.921078 0.542701
vt 0.982915 0.605372
vt 0.954211 0.613896
vt 0.995818 0.691343
vt 0.965854 0.691474
vt 0.896736 0.824190
vt 0.925493 0.760652
vt 0.851161 0.876915
vt 0.792450 0.914650
vt 0.725296 0.934950
vt 0.655235 0.935254
vt 0.587903 0.915907
vt 0.528758 0.878475
vt 0.482085 0.825937
vt 0.453137 0.762706
vt 0.443051 0.693776
vt 0.452978 0.621801
vt 0.481137 0.561167
vt 0.527297 0.502947
vt 0.586058 0.464738
vt 0.652577 0.450406
vt 0.722753 0.449030
vt 0.789969 0.469449
vt 0.849115 0.506881
vt 0.894857 0.559320
vt 0.924736 0.622650
vt 0.935085 0.691607
vt 0.870761 0.807751
vt 0.895923 0.752156
vt 0.830903 0.853692
vt 0.779541 0.886622
vt 0.720751 0.904666
vt 0.659447 0.904932
vt 0.600532 0.888003
vt 0.548780 0.855250
vt 0.507575 0.809240
vt 0.482612 0.753953
vt 0.473957 0.693658
vt 0.481950 0.633201
vt 0.507112 0.577605
vt 0.547573 0.525996
vt 0.599009 0.492374
vt 0.657122 0.480690
vt 0.718426 0.480424
vt 0.777340 0.497353
vt 0.829093 0.530106
vt 0.869491 0.576030
vt 0.895261 0.631403
vt 0.904317 0.691741
vt 0.844786 0.791312
vt 0.866354 0.743659
vt 0.810646 0.830467
vt 0.766632 0.858592
vt 0.716206 0.874382
vt 0.663660 0.874610
vt 0.613162 0.860100
vt 0.568802 0.832026
vt 0.534175 0.792663
vt 0.512087 0.745199
vt 0.504325 0.693481
vt 0.511519 0.641698
vt 0.533087 0.594045
vt 0.567841 0.549124
vt 0.611899 0.520587
vt 0.661667 0.510974
vt 0.714213 0.510746
vt 0.764711 0.525257
vt 0.809071 0.553330
vt 0.844125 0.592739
vt 0.865786 0.640157
vt 0.873548 0.691875
vt 0.818811 0.774873
vt 0.836784 0.735162
vt 0.790389 0.807239
vt 0.753608 0.831640
vt 0.711661 0.844098
vt 0.667873 0.844288
vt 0.625791 0.832196
vt 0.588825 0.808801
vt 0.559717 0.775972
vt 0.541561 0.736446
vt 0.535093 0.693347
vt 0.541089 0.650194
vt 0.559062 0.610483
vt 0.588134 0.572017
vt 0.624833 0.548379
vt 0.666212 0.541258
vt 0.710000 0.541068
vt 0.752082 0.553160
vt 0.789048 0.576555
vt 0.817904 0.609358
vt 0.836312 0.648911
vt 0.842780 0.692009
vt 0.792836 0.758434
vt 0.807215 0.726665
vt 0.770040 0.784876
vt 0.740674 0.803848
vt 0.707116 0.813814
vt 0.672085 0.813966
vt 0.638420 0.804293
vt 0.608847 0.785576
vt 0.585760 0.759334
vt 0.571036 0.727692
vt 0.565862 0.693213
vt 0.570658 0.658691
vt 0.585037 0.626922
vt 0.608401 0.595144
vt 0.637768 0.576172
vt 0.670757 0.571542
vt 0.705788 0.571390
vt 0.739453 0.581064
vt 0.769026 0.599780
vt 0.792110 0.626022
vt 0.806836 0.657664
vt 0.812011 0.692143
vt 0.766861 0.741995
vt 0.777645 0.718168
vt 0.749764 0.761826
vt 0.727740 0.776056
vt 0.702571 0.783530
vt 0.676298 0.783644
vt 0.651049 0.776389
vt 0.628869 0.762352
vt 0.611814 0.742698
vt 0.600511 0.718939
vt 0.596631 0.693080
vt 0.600228 0.667188
vt 0.611012 0.643361
vt 0.628677 0.618194
vt 0.650702 0.603964
vt 0.675302 0.601826
vt 0.701575 0.601712
vt 0.726824 0.608967
vt 0.749003 0.623004
vt 0.766317 0.642686
vt 0.777361 0.666418
vt 0.781242 0.692277
vt 0.740886 0.725556
vt 0.748076 0.709672
vt 0.729488 0.738777
vt 0.714805 0.748263
vt 0.698026 0.753246
vt 0.680511 0.753322
vt 0.663678 0.748485
vt 0.648892 0.739127
vt 0.637349 0.726006
vt 0.629986 0.710185
vt 0.627399 0.692946
vt 0.629797 0.675685
vt 0.636987 0.659800
vt 0.648670 0.643903
vt 0.663637 0.631757
vt 0.679847 0.632110
vt 0.697362 0.632034
vt 0.714195 0.636871
vt 0.728981 0.646229
vt 0.740523 0.659350
vt 0.747886 0.675171
vt 0.750474 0.692411
vt 0.714911 0.709117
vt 0.718506 0.701175
vt 0.709212 0.715728
vt 0.701871 0.720471
vt 0.693481 0.722962
vt 0.684724 0.723000
vt 0.676307 0.720582
vt 0.668914 0.715903
vt 0.663143 0.709342
vt 0.659461 0.701432
vt 0.658168 0.692812
vt 0.659367 0.684181
vt 0.662962 0.676239
vt 0.668946 0.666953
vt 0.676287 0.662210
vt 0.684392 0.662394
vt 0.693149 0.662356
vt 0.701566 0.664775
vt 0.708959 0.669454
vt 0.714730 0.676014
vt 0.718412 0.683925
vt 0.719705 0.692544
vt 0.704836 0.702741
vt 0.707037 0.697879
vt 0.701348 0.706787
vt 0.696854 0.709691
vt 0.691718 0.711216
vt 0.686358 0.711239
vt 0.681206 0.709759
vt 0.676680 0.706894
vt 0.673147 0.702879
vt 0.670894 0.698036
vt 0.670102 0.692760
vt 0.670836 0.687477
vt 0.673036 0.682615
vt 0.676525 0.678569
vt 0.681019 0.675665
vt 0.686154 0.674141
vt 0.691515 0.674117
vt 0.696667 0.675598
vt 0.701193 0.678462
vt 0.704725 0.682478
vt 0.706979 0.687320
vt 0.707771 0.692596
vt 0.696325 0.708554
vt 0.700519 0.705845
vt 0.703774 0.702069
vt 0.705828 0.697532
vt 0.706513 0.692602
vt 0.705774 0.687678
vt 0.703671 0.683159
vt 0.700374 0.679411
vt 0.696151 0.676739
vt 0.691343 0.675357
vt 0.686340 0.675379
vt 0.681548 0.676802
vt 0.677354 0.679512
vt 0.674099 0.683288
vt 0.672045 0.687825
vt 0.671360 0.692755
vt 0.672099 0.697679
vt 0.674202 0.702197
vt 0.677499 0.705945
vt 0.681722 0.708618
vt 0.686530 0.709999
vt 0.691533 0.709978
vt 0.825231 0.181588
vt 0.824891 0.184414
vt 0.824757 0.178780
vt 0.823508 0.176218
vt 0.821584 0.174110
vt 0.819142 0.172626
vt 0.816380 0.171887
vt 0.813520 0.171951
vt 0.810795 0.172816
vt 0.808426 0.174409
vt 0.806605 0.176602
vt 0.805479 0.179218
vt 0.805139 0.182044
vt 0.805613 0.184851
vt 0.806862 0.187413
vt 0.808786 0.189521
vt 0.811228 0.191005
vt 0.813990 0.191745
vt 0.816850 0.191680
vt 0.819575 0.190816
vt 0.821943 0.189222
vt 0.823765 0.187029
vt 0.620974 0.203062
vt 0.579937 0.274221
vt 0.508819 0.315328
vt 0.426675 0.315369
vt 0.355516 0.274332
vt 0.314409 0.203214
vt 0.314369 0.121070
vt 0.355405 0.049911
vt 0.426523 0.008804
vt 0.508667 0.008764
vt 0.579826 0.049800
vt 0.620933 0.120918
vt 0.496692 0.169827
vt 0.488924 0.183298
vt 0.475461 0.191080
vt 0.459910 0.191087
vt 0.446439 0.183319
vt 0.438658 0.169856
vt 0.438650 0.154305
vt 0.446419 0.140834
vt 0.459882 0.133052
vt 0.475432 0.133045
vt 0.488903 0.140813
vt 0.496685 0.154276
vt 0.187306 0.004036
vt 0.205635 0.004036
vt 0.205635 0.927140
vt 0.187306 0.927140
vt 0.223964 0.004036
vt 0.223964 0.927140
vt 0.004018 0.004036
vt 0.022347 0.004036
vt 0.022347 0.927140
vt 0.004018 0.927140
vt 0.040675 0.004036
vt 0.040675 0.927140
vt 0.059004 0.004036
vt 0.059004 0.927140
vt 0.077333 0.004036
vt 0.077333 0.927140
vt 0.095662 0.004036
vt 0.095662 0.927140
vt 0.113991 0.004036
vt 0.113991 0.927140
vt 0.132320 0.004036
vt 0.132319 0.927140
vt 0.150649 0.004036
vt 0.150648 0.927140
vt 0.168978 0.004036
vt 0.168978 0.927140
vt 0.479753 0.174136
vt 0.484170 0.166478
vt 0.493005 0.168841
vt 0.486224 0.180600
vt 0.484166 0.157638
vt 0.492999 0.155266
vt 0.479742 0.149984
vt 0.486205 0.143514
vt 0.472083 0.145567
vt 0.474446 0.136732
vt 0.463243 0.145572
vt 0.460871 0.136739
vt 0.455589 0.149996
vt 0.449119 0.143532
vt 0.451173 0.157654
vt 0.442337 0.155291
vt 0.451177 0.166494
vt 0.442344 0.168866
vt 0.455601 0.174148
vt 0.449137 0.180618
vt 0.463259 0.178565
vt 0.460897 0.187400
vt 0.472100 0.178560
vt 0.474471 0.187393
vt 0.613561 0.201080
vt 0.574509 0.268798
vt 0.613522 0.122908
vt 0.574403 0.055229
vt 0.506685 0.016177
vt 0.428513 0.016215
vt 0.360834 0.055335
vt 0.321782 0.123052
vt 0.321820 0.201224
vt 0.360940 0.268903
vt 0.428658 0.307955
vt 0.506830 0.307917
vt 0.640608 0.002557
vt 0.635187 0.047659
vt 0.617330 0.005889
vt 0.662432 0.011309
vt 0.676957 0.029802
vt 0.680289 0.053079
vt 0.671537 0.074905
vt 0.653044 0.089429
vt 0.629766 0.092761
vt 0.607941 0.084007
vt 0.593417 0.065515
vt 0.590085 0.042239
vt 0.598837 0.020412
vt 0.205635 0.934164
vt 0.205635 0.988705
vt 0.187306 0.988705
vt 0.187306 0.934164
vt 0.223964 0.934164
vt 0.223964 0.988705
vt 0.022347 0.934164
vt 0.022347 0.988705
vt 0.004017 0.988705
vt 0.004017 0.934164
vt 0.040675 0.934164
vt 0.040675 0.988705
vt 0.059004 0.934164
vt 0.059004 0.988705
vt 0.077333 0.934164
vt 0.077333 0.988705
vt 0.095662 0.934164
vt 0.095662 0.988705
vt 0.113991 0.934164
vt 0.113991 0.988705
vt 0.132320 0.934164
vt 0.132320 0.988705
vt 0.150648 0.934164
vt 0.150648 0.988705
vt 0.168978 0.934164
vt 0.168978 0.988705
vt 0.205635 0.995163
vt 0.187306 0.995163
vt 0.223964 0.995163
vt 0.022347 0.995163
vt 0.004018 0.995163
vt 0.040675 0.995163
vt 0.059004 0.995163
vt 0.077333 0.995163
vt 0.095662 0.995163
vt 0.113991 0.995163
vt 0.132320 0.995163
vt 0.150648 0.995163
vt 0.168978 0.995163
vt 0.451905 0.360192
vt 0.451860 0.364620
vt 0.639951 0.366541
vt 0.639996 0.362113
vt 0.450755 0.368930
vt 0.641829 0.370882
vt 0.641783 0.375380
vt 0.450709 0.373428
vt 0.301870 0.986589
vt 0.302627 0.838949
vt 0.316007 0.838949
vt 0.315251 0.986589
vt 0.984058 0.053495
vt 0.981562 0.053495
vt 0.981562 0.076581
vt 0.984058 0.076581
vt 0.337953 0.839499
vt 0.337569 0.986589
vt 0.350950 0.986589
vt 0.351213 0.839196
vt 0.306585 0.226474
vt 0.301719 0.226424
vt 0.299608 0.433118
vt 0.304474 0.433168
vt 0.308440 0.004114
vt 0.303220 0.214031
vt 0.298279 0.213908
vt 0.303499 0.003991
vt 0.268311 0.825015
vt 0.271517 0.677440
vt 0.254942 0.677440
vt 0.253145 0.825015
vt 0.986845 0.007977
vt 0.989341 0.007977
vt 0.989341 0.031063
vt 0.986845 0.031063
vt 0.391278 0.840153
vt 0.388340 0.987728
vt 0.375013 0.987728
vt 0.375467 0.840153
vt 0.339485 0.275174
vt 0.334619 0.275124
vt 0.332508 0.481818
vt 0.337374 0.481868
vt 0.328449 0.248395
vt 0.326261 0.462651
vt 0.321217 0.462600
vt 0.323405 0.248343
vt 0.318965 0.986589
vt 0.319968 0.839196
vt 0.333349 0.839196
vt 0.332346 0.986589
vt 0.992192 0.007718
vt 0.994688 0.007718
vt 0.994688 0.030805
vt 0.992192 0.030805
vt 0.355264 0.838829
vt 0.356201 0.986589
vt 0.369582 0.986589
vt 0.368611 0.838617
vt 0.652883 0.367416
vt 0.652838 0.371845
vt 0.840929 0.373766
vt 0.840974 0.369338
vt 0.651513 0.358322
vt 0.846486 0.360314
vt 0.846439 0.364904
vt 0.651466 0.362912
vt 0.290104 0.825015
vt 0.293031 0.677440
vt 0.278151 0.677440
vt 0.274844 0.825015
vt 0.978971 0.053667
vt 0.976475 0.053667
vt 0.976475 0.076754
vt 0.978971 0.076754
vt 0.242793 0.678419
vt 0.242960 0.825994
vt 0.229609 0.825994
vt 0.229395 0.678419
vt 0.243395 0.214106
vt 0.248261 0.214155
vt 0.250372 0.007461
vt 0.245506 0.007412
vt 0.384154 0.504160
vt 0.386146 0.309187
vt 0.390735 0.309234
vt 0.388744 0.504207
vt 0.283846 0.986589
vt 0.283891 0.838738
vt 0.297454 0.839010
vt 0.297227 0.986589
vt 0.974282 0.007718
vt 0.971591 0.007718
vt 0.971591 0.030805
vt 0.974282 0.030805
vt 0.229711 0.838460
vt 0.228896 0.986099
vt 0.242276 0.986099
vt 0.243092 0.838460
vt 0.369048 0.312162
vt 0.364621 0.312117
vt 0.362699 0.500209
vt 0.367127 0.500254
vt 0.261669 0.005884
vt 0.259481 0.220140
vt 0.254437 0.220088
vt 0.256625 0.005832
vt 0.330759 0.825015
vt 0.330396 0.677440
vt 0.316508 0.677440
vt 0.315748 0.825015
vt 0.991362 0.053926
vt 0.994053 0.053926
vt 0.994053 0.077012
vt 0.991362 0.077012
vt 0.372369 0.677440
vt 0.370608 0.825015
vt 0.356496 0.825015
vt 0.356890 0.677440
vt 0.267074 0.232819
vt 0.262208 0.232769
vt 0.260097 0.439463
vt 0.264963 0.439513
vt 0.317556 0.232918
vt 0.315367 0.447174
vt 0.310324 0.447123
vt 0.312512 0.232866
vt 0.264847 0.986589
vt 0.265329 0.839640
vt 0.278710 0.839468
vt 0.278228 0.986589
vt 0.987310 0.053667
vt 0.990000 0.053667
vt 0.990000 0.076754
vt 0.987310 0.076754
vt 0.247113 0.838706
vt 0.246545 0.986099
vt 0.259925 0.986099
vt 0.260494 0.838706
vt 0.452189 0.323908
vt 0.452144 0.328335
vt 0.640235 0.330257
vt 0.640280 0.325829
vt 0.452063 0.378341
vt 0.647036 0.380333
vt 0.646989 0.384923
vt 0.452016 0.382931
vt 0.311442 0.825015
vt 0.311898 0.677440
vt 0.298684 0.677440
vt 0.297891 0.825015
vt 0.979628 0.007891
vt 0.976937 0.007891
vt 0.976937 0.030977
vt 0.979628 0.030977
vt 0.351614 0.677440
vt 0.351714 0.825015
vt 0.335804 0.825015
vt 0.336600 0.677440
vt 0.450562 0.347782
vt 0.450474 0.356372
vt 0.643507 0.355944
vt 0.643546 0.352153
vt 0.452929 0.333838
vt 0.642874 0.338140
vt 0.642836 0.341872
vt 0.452843 0.342294
vt 0.335427 0.515972
vt 0.334285 0.662853
vt 0.331000 0.662853
vt 0.327909 0.515972
vt 0.984945 0.081301
vt 0.983853 0.081301
vt 0.983853 0.091402
vt 0.984945 0.091402
vt 0.357239 0.662853
vt 0.357767 0.515972
vt 0.350249 0.515972
vt 0.353930 0.662714
vt 0.295711 0.248693
vt 0.286270 0.248597
vt 0.286741 0.460721
vt 0.290907 0.460763
vt 0.281486 0.240633
vt 0.276758 0.449364
vt 0.272657 0.449322
vt 0.272194 0.240538
vt 0.248014 0.660686
vt 0.247878 0.513788
vt 0.244794 0.513837
vt 0.240957 0.660799
vt 0.990805 0.037710
vt 0.991897 0.037710
vt 0.991897 0.047811
vt 0.990805 0.047811
vt 0.238198 0.514100
vt 0.237713 0.660851
vt 0.230656 0.660963
vt 0.235236 0.514422
vt 0.278679 0.004357
vt 0.268672 0.004255
vt 0.269171 0.229106
vt 0.273587 0.229151
vt 0.295897 0.007366
vt 0.290641 0.239392
vt 0.286083 0.239346
vt 0.285568 0.007261
vt 0.560177 0.982949
vt 0.413295 0.980740
vt 0.413295 0.977391
vt 0.560177 0.975286
vt 0.984425 0.038314
vt 0.985517 0.038314
vt 0.985517 0.048415
vt 0.984425 0.048415
vt 0.413644 0.993422
vt 0.560177 0.993856
vt 0.560177 0.986339
vt 0.413574 0.990136
vt 0.395193 0.508058
vt 0.403709 0.508145
vt 0.403284 0.316798
vt 0.399526 0.316759
vt 0.408333 0.516876
vt 0.412783 0.320416
vt 0.416643 0.320455
vt 0.417080 0.516965
vt 0.323390 0.659482
vt 0.323254 0.512584
vt 0.320170 0.512634
vt 0.316334 0.659595
vt 0.981927 0.081301
vt 0.980835 0.081301
vt 0.980835 0.091402
vt 0.981927 0.091402
vt 0.298385 0.513375
vt 0.297974 0.659888
vt 0.290917 0.660001
vt 0.295376 0.513265
vt 0.371179 0.500593
vt 0.379770 0.500680
vt 0.379342 0.307647
vt 0.375550 0.307609
vt 0.653371 0.376589
vt 0.842345 0.380869
vt 0.842307 0.384582
vt 0.653285 0.385002
vt 0.379719 0.515972
vt 0.378892 0.662667
vt 0.375234 0.662667
vt 0.371670 0.515972
vt 0.980804 0.037883
vt 0.979626 0.037883
vt 0.979626 0.047984
vt 0.980804 0.047984
vt 0.347171 0.662853
vt 0.347026 0.515972
vt 0.339172 0.515972
vt 0.343738 0.662853
vt 0.240184 0.008424
vt 0.230743 0.008327
vt 0.231214 0.220451
vt 0.235381 0.220494
vt 0.356936 0.293084
vt 0.352232 0.500747
vt 0.348152 0.500705
vt 0.347691 0.292989
vt 0.283706 0.660116
vt 0.287715 0.513663
vt 0.284548 0.513438
vt 0.276649 0.660229
vt 0.992273 0.081129
vt 0.993451 0.081129
vt 0.993451 0.091230
vt 0.992273 0.091230
vt 0.261835 0.513565
vt 0.258152 0.660524
vt 0.251096 0.660637
vt 0.258751 0.513614
vt 0.256451 0.231389
vt 0.247011 0.231293
vt 0.247481 0.443417
vt 0.251648 0.443459
vt 0.241839 0.231071
vt 0.236583 0.463098
vt 0.232025 0.463051
vt 0.231509 0.230966
vt 0.398573 0.990969
vt 0.400434 0.844088
vt 0.403960 0.844251
vt 0.406748 0.990969
vt 0.988824 0.081387
vt 0.990001 0.081387
vt 0.990001 0.091488
vt 0.988824 0.091488
vt 0.369505 0.662853
vt 0.368857 0.515972
vt 0.361070 0.515972
vt 0.366101 0.662853
vt 0.436485 0.503826
vt 0.444423 0.503907
vt 0.444027 0.325551
vt 0.440524 0.325515
vt 0.422385 0.521973
vt 0.426834 0.325513
vt 0.430694 0.325552
vt 0.431130 0.522062
vt 0.310407 0.659690
vt 0.314487 0.512724
vt 0.311013 0.512976
vt 0.303350 0.659802
vt 0.989168 0.038573
vt 0.987990 0.038573
vt 0.987990 0.048674
vt 0.989168 0.048674
vt 0.273381 0.513381
vt 0.269698 0.660340
vt 0.262641 0.660452
vt 0.270297 0.513430
vt 0.942920 0.406194
vt 0.942920 0.399239
vt 0.986063 0.399239
vt 0.986063 0.406194
vt 0.942920 0.397790
vt 0.942920 0.390835
vt 0.986063 0.390835
vt 0.986063 0.397790
vt 0.942920 0.389385
vt 0.942920 0.382431
vt 0.986063 0.382431
vt 0.986063 0.389385
vt 0.942920 0.380981
vt 0.942920 0.374027
vt 0.986063 0.374027
vt 0.986063 0.380981
vt 0.942920 0.372577
vt 0.942920 0.365623
vt 0.986063 0.365623
vt 0.986063 0.372577
vt 0.942920 0.364173
vt 0.942920 0.357218
vt 0.986063 0.357218
vt 0.986063 0.364173
vt 0.942920 0.355769
vt 0.942920 0.348814
vt 0.986063 0.348814
vt 0.986063 0.355769
vt 0.942920 0.448215
vt 0.942920 0.441260
vt 0.986063 0.441260
vt 0.986063 0.448215
vt 0.942920 0.439811
vt 0.942920 0.432856
vt 0.986063 0.432856
vt 0.986063 0.439811
vt 0.942920 0.431406
vt 0.942920 0.424452
vt 0.986063 0.424452
vt 0.986063 0.431406
vt 0.942920 0.423002
vt 0.942920 0.416048
vt 0.986063 0.416048
vt 0.986063 0.423002
vt 0.942920 0.414598
vt 0.942920 0.407644
vt 0.986063 0.407644
vt 0.986063 0.414598
vt 0.969924 0.060502
vt 0.970945 0.070058
vt 0.971483 0.061730
vt 0.640479 0.362118
vt 0.639997 0.361626
vt 0.335845 0.988049
vt 0.337433 0.989397
vt 0.639942 0.367028
vt 0.640434 0.366546
vt 0.976521 0.090112
vt 0.975707 0.097754
vt 0.976951 0.098733
vt 0.642319 0.370887
vt 0.641830 0.370387
vt 0.352311 0.988274
vt 0.350979 0.989172
vt 0.641774 0.375874
vt 0.642273 0.375385
vt 0.969979 0.060502
vt 0.968958 0.070058
vt 0.968420 0.061730
vt 0.304468 0.433698
vt 0.305009 0.433169
vt 0.390083 0.989655
vt 0.388042 0.991580
vt 0.299073 0.433108
vt 0.299602 0.433649
vt 0.974936 0.090112
vt 0.975750 0.097754
vt 0.974506 0.098733
vt 0.303207 0.214570
vt 0.303764 0.214040
vt 0.372847 0.989655
vt 0.374736 0.991580
vt 0.297735 0.213890
vt 0.298265 0.214447
vt 0.970410 0.070246
vt 0.969389 0.079802
vt 0.968851 0.071474
vt 0.337368 0.482398
vt 0.337909 0.481869
vt 0.354702 0.988498
vt 0.356738 0.989509
vt 0.331973 0.481808
vt 0.332502 0.482349
vt 0.974936 0.080972
vt 0.975750 0.088614
vt 0.974506 0.089593
vt 0.326255 0.463201
vt 0.326816 0.462652
vt 0.371055 0.988610
vt 0.369498 0.989284
vt 0.320662 0.462589
vt 0.321211 0.463150
vt 0.970355 0.070246
vt 0.971376 0.079802
vt 0.971914 0.071474
vt 0.841457 0.369343
vt 0.840975 0.368851
vt 0.245307 0.827921
vt 0.242901 0.829846
vt 0.840920 0.374252
vt 0.841412 0.373771
vt 0.976521 0.080972
vt 0.975707 0.088614
vt 0.976951 0.089593
vt 0.846986 0.360319
vt 0.846487 0.359809
vt 0.227682 0.827921
vt 0.229528 0.829846
vt 0.846430 0.365408
vt 0.846939 0.364908
vt 0.281975 0.988947
vt 0.283920 0.989509
vt 0.245512 0.006881
vt 0.244971 0.007411
vt 0.966825 0.070058
vt 0.967928 0.060502
vt 0.966481 0.061730
vt 0.250907 0.007471
vt 0.250378 0.006931
vt 0.298665 0.988723
vt 0.296680 0.989397
vt 0.386151 0.308686
vt 0.385641 0.309186
vt 0.974114 0.097754
vt 0.973234 0.090112
vt 0.972959 0.098733
vt 0.391240 0.309243
vt 0.390740 0.308733
vt 0.332651 0.826942
vt 0.330667 0.828867
vt 0.367122 0.500737
vt 0.367614 0.500255
vt 0.973078 0.070058
vt 0.971975 0.060502
vt 0.973422 0.061730
vt 0.362213 0.500200
vt 0.362694 0.500692
vt 0.314921 0.826942
vt 0.315857 0.828867
vt 0.259475 0.220690
vt 0.260036 0.220141
vt 0.977343 0.097754
vt 0.978223 0.090112
vt 0.978498 0.098733
vt 0.253882 0.220078
vt 0.254431 0.220638
vt 0.262863 0.988274
vt 0.264471 0.989733
vt 0.264957 0.440043
vt 0.265498 0.439514
vt 0.973509 0.079802
vt 0.972406 0.070246
vt 0.973853 0.071474
vt 0.259562 0.439453
vt 0.260091 0.439994
vt 0.280339 0.988161
vt 0.278242 0.989509
vt 0.315362 0.447724
vt 0.315922 0.447175
vt 0.977343 0.088614
vt 0.978223 0.080972
vt 0.978498 0.089593
vt 0.309769 0.447112
vt 0.310318 0.447673
vt 0.313334 0.826942
vt 0.311058 0.828867
vt 0.640763 0.325834
vt 0.640281 0.325342
vt 0.966912 0.080491
vt 0.968014 0.070936
vt 0.966567 0.072163
vt 0.640226 0.330743
vt 0.640718 0.330261
vt 0.295458 0.826942
vt 0.297415 0.828867
vt 0.647536 0.380338
vt 0.647037 0.379828
vt 0.974114 0.088614
vt 0.973234 0.080972
vt 0.972959 0.089593
vt 0.646980 0.385427
vt 0.647489 0.384928
vt 0.961479 0.026295
vt 0.962458 0.035991
vt 0.962995 0.023793
vt 0.644457 0.352173
vt 0.643520 0.351205
vt 0.358623 0.514842
vt 0.357906 0.513845
vt 0.643462 0.356891
vt 0.644419 0.355942
vt 0.452968 0.332906
vt 0.452036 0.332885
vt 0.643777 0.338161
vt 0.642855 0.337207
vt 0.452863 0.343226
vt 0.451930 0.343228
vt 0.642798 0.342805
vt 0.643740 0.341870
vt 0.961009 0.026640
vt 0.960030 0.036336
vt 0.959493 0.024138
vt 0.290885 0.461765
vt 0.291949 0.460735
vt 0.238499 0.661652
vt 0.237701 0.662409
vt 0.285700 0.460671
vt 0.286743 0.461723
vt 0.282510 0.240675
vt 0.282533 0.239651
vt 0.276736 0.450356
vt 0.277784 0.449342
vt 0.271169 0.240560
vt 0.271167 0.239535
vt 0.271633 0.449279
vt 0.272659 0.450314
vt 0.960922 0.040178
vt 0.959943 0.049873
vt 0.959407 0.037676
vt 0.273563 0.230214
vt 0.274691 0.229122
vt 0.561506 0.994779
vt 0.562901 0.993930
vt 0.268067 0.229054
vt 0.269173 0.230169
vt 0.297035 0.007413
vt 0.297061 0.006275
vt 0.290616 0.240495
vt 0.291781 0.239368
vt 0.284429 0.007285
vt 0.284426 0.006146
vt 0.284944 0.239298
vt 0.286085 0.240449
vt 0.961479 0.039660
vt 0.962458 0.049356
vt 0.962995 0.037159
vt 0.399546 0.315856
vt 0.398586 0.316785
vt 0.298784 0.660713
vt 0.297939 0.661448
vt 0.404223 0.316842
vt 0.403282 0.315894
vt 0.407370 0.516836
vt 0.407348 0.517800
vt 0.412804 0.319482
vt 0.411818 0.320436
vt 0.418044 0.516945
vt 0.418046 0.517909
vt 0.417607 0.320495
vt 0.416641 0.319521
vt 0.380659 0.514842
vt 0.379722 0.513845
vt 0.375571 0.306697
vt 0.374602 0.307634
vt 0.957091 0.036077
vt 0.958155 0.026381
vt 0.956742 0.023880
vt 0.380289 0.307692
vt 0.379340 0.306736
vt 0.653410 0.375662
vt 0.652482 0.375641
vt 0.843243 0.380890
vt 0.842326 0.379941
vt 0.653305 0.385929
vt 0.652377 0.385931
vt 0.842269 0.385510
vt 0.843206 0.384580
vt 0.284660 0.661101
vt 0.283797 0.661952
vt 0.235358 0.221496
vt 0.236422 0.220466
vt 0.964448 0.035818
vt 0.963384 0.026123
vt 0.964797 0.023621
vt 0.230173 0.220402
vt 0.231217 0.221454
vt 0.357954 0.293126
vt 0.357977 0.292107
vt 0.352210 0.501734
vt 0.353252 0.500726
vt 0.346672 0.293011
vt 0.346669 0.291991
vt 0.347133 0.500663
vt 0.348154 0.501693
vt 0.397553 0.992165
vt 0.398484 0.993228
vt 0.251625 0.444461
vt 0.252689 0.443431
vt 0.964879 0.049614
vt 0.963815 0.039919
vt 0.965228 0.037417
vt 0.246441 0.443367
vt 0.247484 0.444419
vt 0.242977 0.231118
vt 0.243002 0.229980
vt 0.236558 0.464200
vt 0.237723 0.463073
vt 0.230370 0.230990
vt 0.230368 0.229851
vt 0.230885 0.463004
vt 0.232027 0.464154
vt 0.311216 0.660328
vt 0.310403 0.661365
vt 0.440543 0.324672
vt 0.439648 0.325538
vt 0.957695 0.049873
vt 0.958759 0.040178
vt 0.957345 0.037676
vt 0.444902 0.325592
vt 0.444025 0.324708
vt 0.421421 0.521933
vt 0.421399 0.522897
vt 0.426855 0.324579
vt 0.425869 0.325533
vt 0.432095 0.522042
vt 0.432097 0.523006
vt 0.431659 0.325592
vt 0.430692 0.324618
vt 0.914069 0.974004
vt 0.884552 0.967359
vt 0.906792 0.987873
vt 0.935295 0.406919
vt 0.935295 0.398515
vt 0.935295 0.390110
vt 0.935295 0.381706
vt 0.935295 0.373302
vt 0.935295 0.364898
vt 0.935295 0.356493
vt 0.935295 0.348089
vt 0.942920 0.347364
vt 0.935295 0.440536
vt 0.935295 0.432131
vt 0.935295 0.423727
vt 0.983985 0.961072
vt 0.951903 0.928682
vt 0.986776 0.958046
vt 0.963492 0.972773
vt 0.967422 0.971548
vt 0.939893 0.972660
vt 0.943909 0.973564
vt 0.919513 0.960763
vt 0.922539 0.963554
vt 0.907812 0.940270
vt 0.909037 0.944200
vt 0.907925 0.916672
vt 0.907021 0.920687
vt 0.919822 0.896292
vt 0.917031 0.899317
vt 0.940315 0.884590
vt 0.936385 0.885815
vt 0.963914 0.884703
vt 0.959898 0.883799
vt 0.984294 0.896600
vt 0.981268 0.893809
vt 0.995995 0.917094
vt 0.994770 0.913164
vt 0.995882 0.940692
vt 0.996786 0.936676
vt 0.971154 0.040197
vt 0.971571 0.040068
vt 0.968526 0.038471
vt 0.968658 0.038887
vt 0.451859 0.365107
vt 0.451914 0.359705
vt 0.450764 0.368436
vt 0.450708 0.373923
vt 0.968330 0.048939
vt 0.968199 0.048523
vt 0.971243 0.050121
vt 0.970826 0.050249
vt 0.984477 0.053847
vt 0.984477 0.076891
vt 0.315056 0.988835
vt 0.302183 0.989284
vt 0.337856 0.838138
vt 0.351323 0.837714
vt 0.972452 0.041287
vt 0.972035 0.041415
vt 0.975080 0.043012
vt 0.974948 0.042596
vt 0.301184 0.226423
vt 0.307120 0.226484
vt 0.308983 0.004132
vt 0.302955 0.003982
vt 0.974566 0.043115
vt 0.974698 0.043531
vt 0.971653 0.041934
vt 0.972070 0.041806
vt 0.986427 0.008330
vt 0.986427 0.031373
vt 0.252857 0.828867
vt 0.268468 0.828867
vt 0.391796 0.836488
vt 0.375961 0.836488
vt 0.973990 0.037102
vt 0.973862 0.036685
vt 0.972264 0.039730
vt 0.972680 0.039598
vt 0.334084 0.275123
vt 0.340020 0.275184
vt 0.329004 0.248405
vt 0.322851 0.248342
vt 0.974319 0.048394
vt 0.973903 0.048526
vt 0.975501 0.045481
vt 0.975629 0.045898
vt 0.991773 0.008071
vt 0.991773 0.031114
vt 0.332038 0.989172
vt 0.318941 0.989397
vt 0.355224 0.837468
vt 0.368509 0.837135
vt 0.968333 0.037169
vt 0.968461 0.037587
vt 0.970058 0.034542
vt 0.969642 0.034674
vt 0.652837 0.372331
vt 0.652892 0.366930
vt 0.651522 0.357818
vt 0.651465 0.363417
vt 0.968441 0.042322
vt 0.968857 0.042190
vt 0.967259 0.045235
vt 0.967131 0.044818
vt 0.979389 0.054020
vt 0.979389 0.077063
vt 0.275420 0.828867
vt 0.289325 0.828867
vt 0.242885 0.674754
vt 0.229197 0.674754
vt 0.973693 0.047176
vt 0.973897 0.046791
vt 0.970615 0.047814
vt 0.971002 0.048015
vt 0.248796 0.214156
vt 0.242860 0.214096
vt 0.383649 0.504150
vt 0.389249 0.504208
vt 0.971166 0.048589
vt 0.970779 0.048388
vt 0.974061 0.047364
vt 0.973857 0.047750
vt 0.283895 0.836893
vt 0.297512 0.837135
vt 0.971202 0.008071
vt 0.971202 0.031114
vt 0.228519 0.990254
vt 0.242291 0.990142
vt 0.969749 0.043867
vt 0.969545 0.044253
vt 0.972828 0.043230
vt 0.972440 0.043029
vt 0.364134 0.312116
vt 0.369535 0.312171
vt 0.262224 0.005894
vt 0.256071 0.005831
vt 0.972249 0.042592
vt 0.972636 0.042793
vt 0.969354 0.043816
vt 0.969558 0.043430
vt 0.330450 0.673775
vt 0.315975 0.673775
vt 0.994441 0.054279
vt 0.994441 0.077322
vt 0.370887 0.828867
vt 0.356233 0.828867
vt 0.974086 0.034672
vt 0.973700 0.034468
vt 0.974724 0.037751
vt 0.974925 0.037363
vt 0.261673 0.232768
vt 0.267609 0.232829
vt 0.318110 0.232928
vt 0.311957 0.232865
vt 0.974105 0.046159
vt 0.973904 0.046546
vt 0.972881 0.043264
vt 0.973266 0.043468
vt 0.265306 0.836704
vt 0.278971 0.836617
vt 0.990389 0.054020
vt 0.990389 0.077063
vt 0.246505 0.990030
vt 0.260164 0.989468
vt 0.968127 0.039545
vt 0.968513 0.039749
vt 0.967490 0.036467
vt 0.967288 0.036854
vt 0.452143 0.328822
vt 0.452198 0.323421
vt 0.452072 0.377837
vt 0.452015 0.383436
vt 0.969283 0.044830
vt 0.969484 0.044443
vt 0.970507 0.047726
vt 0.970121 0.047521
vt 0.311839 0.673775
vt 0.299049 0.673775
vt 0.976548 0.008243
vt 0.976548 0.031287
vt 0.352217 0.828867
vt 0.334981 0.828867
vt 0.971428 0.049502
vt 0.971844 0.049383
vt 0.968800 0.047786
vt 0.968939 0.048196
vt 0.450500 0.357320
vt 0.450607 0.346835
vt 0.985367 0.080686
vt 0.985367 0.090669
vt 0.328028 0.513779
vt 0.335436 0.513845
vt 0.357227 0.663667
vt 0.353996 0.663621
vt 0.350166 0.514111
vt 0.971004 0.034167
vt 0.970587 0.034285
vt 0.973632 0.035883
vt 0.973493 0.035473
vt 0.285229 0.248625
vt 0.296751 0.248743
vt 0.990383 0.037095
vt 0.990383 0.047079
vt 0.240812 0.662081
vt 0.247955 0.662013
vt 0.238231 0.513116
vt 0.235190 0.513204
vt 0.230606 0.662546
vt 0.976357 0.046198
vt 0.976238 0.045781
vt 0.974641 0.048826
vt 0.975050 0.048687
vt 0.267569 0.004285
vt 0.279781 0.004409
vt 0.984003 0.037699
vt 0.984003 0.047682
vt 0.562569 0.975592
vt 0.562702 0.982915
vt 0.412830 0.993433
vt 0.412714 0.990179
vt 0.562967 0.986654
vt 0.967605 0.045556
vt 0.967723 0.045973
vt 0.969321 0.042928
vt 0.968911 0.043067
vt 0.404648 0.508120
vt 0.394255 0.508014
vt 0.982349 0.080686
vt 0.982349 0.090669
vt 0.316449 0.661129
vt 0.323429 0.661110
vt 0.298375 0.512195
vt 0.295490 0.512241
vt 0.290590 0.661705
vt 0.973687 0.040039
vt 0.973897 0.039661
vt 0.970615 0.040684
vt 0.971003 0.040876
vt 0.380717 0.500655
vt 0.370233 0.500548
vt 0.378905 0.663714
vt 0.375230 0.663528
vt 0.371526 0.513779
vt 0.979235 0.037267
vt 0.979235 0.047251
vt 0.346936 0.513779
vt 0.339311 0.514045
vt 0.968745 0.034041
vt 0.968534 0.034419
vt 0.971817 0.033396
vt 0.971429 0.033205
vt 0.229703 0.008356
vt 0.241224 0.008473
vt 0.287722 0.512680
vt 0.284562 0.512730
vt 0.276491 0.662023
vt 0.993842 0.080513
vt 0.993842 0.090497
vt 0.258142 0.661664
vt 0.251025 0.661917
vt 0.973860 0.043447
vt 0.973482 0.043236
vt 0.974505 0.046519
vt 0.974697 0.046131
vt 0.245970 0.231321
vt 0.257491 0.231439
vt 0.400471 0.843297
vt 0.403969 0.843320
vt 0.406503 0.993295
vt 0.990393 0.080772
vt 0.990393 0.090755
vt 0.368756 0.513713
vt 0.361215 0.513580
vt 0.969555 0.047733
vt 0.969934 0.047944
vt 0.968910 0.044661
vt 0.968719 0.045050
vt 0.445298 0.503883
vt 0.435611 0.503784
vt 0.314419 0.511978
vt 0.311025 0.512151
vt 0.303258 0.661340
vt 0.987599 0.037957
vt 0.987599 0.047941
vt 0.269811 0.661966
vt 0.262549 0.661873
vt 0.935295 0.448940
vt 0.935295 0.415323
vt 0.986063 0.347364
vt 0.913437 0.958355
vt 0.905065 0.945118
vt 0.891197 0.937841
vt 0.875547 0.938473
vt 0.862311 0.946845
vt 0.855034 0.960714
vt 0.855666 0.976363
vt 0.864038 0.989600
vt 0.877907 0.996877
vt 0.893556 0.996245
s 1
usemtl frame
f 595/591/595 596/592/596 597/592/597 598/591/598
f 596/592/596 599/593/599 600/593/600 597/592/597
f 599/593/599 601/594/601 602/594/602 600/593/600
f 601/594/601 603/595/603 604/595/604 602/594/602
f 603/595/603 605/596/605 606/596/606 604/595/604
f 605/596/605 607/597/607 608/597/608 606/596/606
f 607/597/607 609/598/609 610/598/610 608/597/608
f 609/598/609 611/599/611 612/599/612 610/598/610
f 611/599/611 613/600/613 614/600/614 612/599/612
f 613/600/613 615/601/615 616/601/616 614/600/614
f 615/601/615 617/602/617 618/602/618 616/601/616
f 617/602/617 595/591/595 598/591/598 618/602/618
f 619/603/595 620/604/596 621/604/619 622/603/620
f 620/604/596 623/605/599 624/605/621 621/604/619
f 623/605/599 625/606/601 626/606/622 624/605/621
f 625/606/601 627/607/603 628/607/623 626/606/622
f 627/607/603 629/608/605 630/608/624 628/607/623
f 629/608/605 631/609/607 632/609/625 630/608/624
f 631/609/607 633/610/609 634/610/626 632/609/625
f 633/610/609 635/611/611 636/611/627 634/610/626
f 635/611/611 637/612/613 638/612/628 636/611/627
f 637/612/613 639/613/615 640/613/629 638/612/628
f 639/613/615 641/614/617 642/614/630 640/613/629
f 641/614/617 619/603/595 622/603/620 642/614/630
f 643/615/595 644/616/596 645/617/631 646/618/632
f 644/616/596 647/619/599 648/620/633 645/617/631
f 647/621/599 649/622/601 650/623/634 648/624/633
f 649/622/601 651/625/603 652/626/635 650/623/634
f 651/625/603 653/627/605 654/628/636 652/626/635
f 653/627/605 655/629/607 656/630/637 654/628/636
f 655/629/607 657/631/609 658/632/638 656/630/637
f 657/631/609 659/633/611 660/634/639 658/632/638
f 659/633/611 661/635/613 662/636/640 660/634/639
f 661/635/613 663/637/615 664/638/641 662/636/640
f 663/637/615 665/639/617 666/640/642 664/638/641
f 665/639/617 643/615/595 646/618/632 666/640/642
f 644/641/643 643/642/644 667/643/645 668/644/646
f 643/642/644 665/645/647 669/646/648 667/643/645
f 665/645/647 663/647/649 670/648/650 669/646/648
f 663/647/649 661/649/651 671/650/652 670/648/650
f 661/649/651 659/651/653 672/652/654 671/650/652
f 659/651/653 657/653/655 673/654/656 672/652/654
f 657/653/655 655/655/657 674/656/658 673/654/656
f 655/655/657 653/657/659 675/658/660 674/656/658
f 653/657/659 651/659/661 676/660/662 675/658/660
f 651/659/661 649/661/663 677/662/664 676/660/662
f 649/661/663 647/663/665 678/664/666 677/662/664
f 647/663/665 644/641/643 668/644/646 678/664/666
f 620/604/667 619/603/668 679/665/669 680/666/670
f 619/603/668 641/614/671 681/667/672 679/665/669
f 641/614/671 639/613/673 682/668/674 681/667/672
f 639/613/673 637/612/675 683/669/676 682/668/674
f 637/612/675 635/611/677 684/670/678 683/669/676
f 635/611/677 633/610/679 685/671/680 684/670/678
f 633/610/679 631/609/681 686/672/682 685/671/680
f 631/609/681 629/608/683 687/673/684 686/672/682
f 629/608/683 627/607/685 688/674/686 687/673/684
f 627/607/685 625/606/687 689/675/688 688/674/686
f 625/606/687 623/605/689 690/676/690 689/675/688
f 623/605/689 620/604/667 680/666/670 690/676/690
f 597/592/597 680/666/670 679/665/669 598/591/598
f 598/591/598 679/665/669 681/667/672 618/602/618
f 618/602/618 681/667/672 682/668/674 616/601/616
f 616/601/616 682/668/674 683/669/676 614/600/614
f 614/600/614 683/669/676 684/670/678 612/599/612
f 612/599/612 684/670/678 685/671/680 610/598/610
f 610/598/610 685/671/680 686/672/682 608/597/608
f 608/597/608 686/672/682 687/673/684 606/596/606
f 606/596/606 687/673/684 688/674/686 604/595/604
f 604/595/604 688/674/686 689/675/688 602/594/602
f 602/594/602 689/675/688 690/676/690 600/593/600
f 600/593/600 690/676/690 680/666/670 597/592/597
f 621/604/619 668/644/646 667/643/645 622/603/620
f 622/603/620 667/643/645 669/646/648 642/614/630
f 642/614/630 669/646/648 670/648/650 640/613/629
f 640/613/629 670/648/650 671/650/652 638/612/628
f 638/612/628 671/650/652 672/652/654 636/611/627
f 636/611/627 672/652/654 673/654/656 634/610/626
f 634/610/626 673/654/656 674/656/658 632/609/625
f 632/609/625 674/656/658 675/658/660 630/608/624
f 630/608/624 675/658/660 676/660/662 628/607/623
f 628/607/623 676/660/662 677/662/664 626/606/622
f 626/606/622 677/662/664 678/664/666 624/605/621
f 624/605/621 678/664/666 668/644/646 621/604/619
f 691/677/691 692/678/692 693/679/693
f 694/680/694 692/678/692 691/677/691
f 695/681/695 692/678/692 694/680/694
f 696/682/696 692/678/692 695/681/695
f 697/683/697 692/678/692 696/682/696
f 698/684/698 692/678/692 697/683/697
f 699/685/699 692/678/692 698/684/698
f 700/686/700 692/678/692 699/685/699
f 701/687/701 692/678/692 700/686/700
f 702/688/702 692/678/692 701/687/701
f 703/689/703 692/678/692 702/688/702
f 693/679/693 692/678/692 703/689/703
f 704/690/704 705/691/705 706/692/706 707/693/707
f 708/694/708 709/695/709 705/691/705 704/690/704
f 710/696/710 711/697/711 709/698/709 708/699/708
f 712/700/712 713/701/713 711/697/711 710/696/710
f 714/702/714 715/703/715 713/701/713 712/700/712
f 716/704/716 717/705/717 715/703/715 714/702/714
f 718/706/718 719/707/719 717/705/717 716/704/716
f 720/708/720 721/709/721 719/707/719 718/706/718
f 722/710/722 723/711/723 721/709/721 720/708/720
f 724/712/724 725/713/725 723/711/723 722/710/722
f 726/714/726 727/715/727 725/713/725 724/712/724
f 707/693/707 706/692/706 727/715/727 726/714/726
f 646/618/632 645/617/631 704/690/704 707/693/707
f 645/617/631 648/620/633 708/694/708 704/690/704
f 648/624/633 650/623/634 710/696/710 708/699/708
f 650/623/634 652/626/635 712/700/712 710/696/710
f 652/626/635 654/628/636 714/702/714 712/700/712
f 654/628/636 656/630/637 716/704/716 714/702/714
f 656/630/637 658/632/638 718/706/718 716/704/716
f 658/632/638 660/634/639 720/708/720 718/706/718
f 660/634/639 662/636/640 722/710/722 720/708/720
f 662/636/640 664/638/641 724/712/724 722/710/722
f 664/638/641 666/640/642 726/714/726 724/712/724
f 666/640/642 646/618/632 707/693/707 726/714/726
f 705/691/705 691/716/691 693/717/693 706/692/706
f 709/695/709 694/718/694 691/716/691 705/691/705
f 711/697/711 695/719/695 694/720/694 709/698/709
f 713/701/713 696/721/696 695/719/695 711/697/711
f 715/703/715 697/722/697 696/721/696 713/701/713
f 717/705/717 698/723/698 697/722/697 715/703/715
f 719/707/719 699/724/699 698/723/698 717/705/717
f 721/709/721 700/725/700 699/724/699 719/707/719
f 723/711/723 701/726/701 700/725/700 721/709/721
f 725/713/725 702/727/702 701/726/701 723/711/723
f 727/715/727 703/728/703 702/727/702 725/713/725
f 706/692/706 693/717/693 703/728/703 727/715/727
f 728/729/728 729/730/729 730/731/730 731/732/731
f 732/733/732 733/734/733 734/735/734 735/736/735
f 736/737/736 737/738/737 738/739/738 739/740/739
f 740/741/740 741/742/741 742/743/742 743/744/743
f 744/745/744 745/746/745 746/747/746 747/748/747
f 748/749/748 749/750/749 750/751/750 751/752/751
f 752/753/752 753/754/753 754/755/754 755/756/755
f 756/757/756 757/758/757 758/759/758 759/760/759
f 760/761/760 761/762/761 762/763/762 763/764/763
f 764/765/764 765/766/765 766/767/766 767/768/767
f 768/769/768 769/770/769 770/771/770 771/772/771
f 772/773/772 773/774/773 774/775/774 775/776/775
f 776/777/776 777/778/777 778/779/778 779/780/779
f 780/781/780 781/782/781 782/783/782 783/784/783
f 784/785/784 785/786/785 786/787/786 787/788/787
f 788/789/788 789/790/789 790/791/790 791/792/791
f 792/793/792 793/794/793 794/795/794 795/796/795
f 796/797/796 797/798/797 798/799/798 799/800/799
f 800/801/800 801/802/801 802/803/802 803/804/803
f 804/805/804 805/806/805 806/807/806 807/808/807
f 808/809/808 809/810/809 810/811/810 811/812/811
f 812/813/812 813/814/813 814/815/814 815/816/815
f 816/817/816 817/818/817 818/819/818 819/820/819
f 820/821/820 821/822/821 822/823/822 823/824/823
f 824/825/824 825/826/825 826/827/826 827/828/827
f 828/829/828 829/830/829 830/831/830 831/832/831
f 832/833/832 833/834/833 834/835/834 835/836/835
f 836/837/836 837/838/837 838/839/838 839/840/839
f 840/841/840 841/842/841 842/843/842 843/844/843
f 844/845/844 845/846/845 846/847/846 847/848/847
f 848/849/848 849/850/849 850/851/850 851/852/851
f 852/853/852 853/854/853 854/855/854 855/856/855
f 856/857/856 857/858/857 858/859/858 859/860/859
f 860/861/860 861/862/861 862/863/862 863/864/863
f 864/865/864 865/866/865 866/867/866 867/868/867
f 868/869/868 869/870/869 870/871/870 871/872/871
f 872/873/872 873/874/873 874/875/874 875/876/875
f 876/877/876 877/878/877 878/879/878 879/880/879
f 880/881/880 881/882/881 882/883/882 883/884/883
f 884/885/884 885/886/885 886/887/886 887/888/887
f 888/889/888 889/890/889 890/891/890 891/892/891
f 892/893/892 893/894/893 894/895/894 895/896/895
f 896/897/896 897/898/897 898/899/898 899/900/899
f 900/901/900 901/902/901 902/903/902 903/904/903
f 904/905/904 905/906/905 906/907/906 907/908/907
f 908/909/908 909/910/909 910/911/910 911/912/911
f 912/913/912 913/914/913 914/915/914 915/916/915
f 916/917/916 917/918/917 918/919/918 919/920/919
f 920/921/920 921/922/921 922/923/922 923/924/923
f 924/925/924 925/926/925 926/927/926 927/928/927
f 928/929/928 929/930/929 930/931/930 931/932/931
f 932/933/932 933/934/933 934/935/934 935/936/935
f 936/937/936 937/938/937 938/939/938 939/940/939
f 940/941/940 941/942/941 942/943/942 943/944/943
f 944/945/944 945/946/945 946/947/946 947/948/947
f 948/949/948 949/950/949 950/951/950 951/952/951
f 952/953/952 953/954/953 954/955/954 955/956/955
f 956/957/956 957/958/957 958/959/958 959/960/959
f 960/961/960 961/962/961 962/963/962 963/964/963
f 964/965/964 965/966/965 966/967/966 967/968/967
f 968/969/968 969/970/969 970/971/970 971/972/971
f 972/973/972 973/974/973 974/975/974 975/976/975
f 976/977/976 977/978/977 978/979/978 979/980/979
f 980/981/980 981/982/981 982/983/982 983/984/983
f 984/985/984 985/986/985 986/987/986 987/988/987
f 988/989/988 989/990/989 990/991/990 991/992/991
f 992/993/992 993/994/993 994/995/994 995/996/995
f 996/997/996 997/998/997 998/999/998 999/1000/999
f 1000/1001/1000 1001/1002/1001 1002/1003/1002 1003/1004/1003
f 1004/1005/1004 1005/1006/1005 1006/1007/1006 1007/1008/1007
f 1008/1009/1008 1009/1010/1009 1010/1011/1010 1011/1012/1011
f 1012/1013/1012 1013/1014/1013 1014/1015/1014 1015/1016/1015
f 1016/1017/1016 1017/1018/1017 1018/1019/1018 1019/1020/1019
f 1020/1021/1020 1021/1022/1021 1022/1023/1022 1023/1024/1023
f 1024/1025/1024 1025/1026/1025 1026/1027/1026 1027/1028/1027
f 1028/1029/1028 1029/1030/1029 1030/1031/1030 1031/1032/1031
f 1032/1033/1032 1033/1034/1033 1034/1035/1034 1035/1036/1035
f 1036/1037/1036 1037/1038/1037 1038/1039/1038 1039/1040/1039
f 1040/1041/1040 1041/1042/1041 1042/1043/1042 1043/1044/1043
f 1044/1045/1044 1045/1046/1045 1046/1047/1046 1047/1048/1047
f 1048/1049/1048 1049/1050/1049 1050/1051/1050 1051/1052/1051
f 1052/1053/1052 1053/1054/1053 1054/1055/1054 1055/1056/1055
f 1056/1057/1056 1057/1058/1057 1058/1059/1058 1059/1060/1059
f 1060/1061/1060 1061/1062/1061 1062/1063/1062 1063/1064/1063
f 1064/1065/1064 1065/1066/1065 1066/1067/1066 1067/1068/1067
f 1068/1069/1068 1069/1070/1069 1070/1071/1070 1071/1072/1071
f 1072/1073/1072 1073/1074/1073 1074/1075/1074 1075/1076/1075
f 1076/1077/1076 1077/1078/1077 1078/1079/1078 1079/1080/1079
f 1080/1081/1080 1081/1082/1081 1082/1083/1082 1083/1084/1083
f 1084/1085/1084 1085/1086/1085 1086/1087/1086 1087/1088/1087
f 1088/1089/1088 1089/1090/1089 1090/1091/1090 1091/1092/1091
f 1092/1093/1092 1093/1094/1093 1094/1095/1094 1095/1096/1095
f 728/1097/728 736/1098/736 1096/1099/1096
f 731/732/731 740/1100/740 737/1101/737
f 745/746/745 729/1102/729 1097/1103/1097
f 730/731/730 744/1104/744 741/1105/741
f 739/1106/739 732/1107/732 1098/1108/1098
f 743/1109/743 733/734/733 738/1110/738
f 735/1111/735 746/747/746 1099/1112/1099
f 747/1113/747 734/735/734 742/1114/742
f 748/1115/748 756/1116/756 1100/1117/1100
f 751/752/751 760/1118/760 757/1119/757
f 765/766/765 749/1120/749 1101/1121/1101
f 750/751/750 764/1122/764 761/1123/761
f 759/1124/759 752/1125/752 1102/1126/1102
f 763/1127/763 753/754/753 758/1128/758
f 755/1129/755 766/767/766 1103/1130/1103
f 767/1131/767 754/755/754 762/1132/762
f 768/1133/768 776/1134/776 1104/1135/1104
f 771/772/771 780/1136/780 777/1137/777
f 785/786/785 769/1138/769 1105/1139/1105
f 770/771/770 784/1140/784 781/1141/781
f 779/1142/779 772/1143/772 1106/1144/1106
f 783/1145/783 773/774/773 778/1146/778
f 775/1147/775 786/787/786 1107/1148/1107
f 787/1149/787 774/775/774 782/1150/782
f 788/1151/788 796/1152/796 1108/1153/1108
f 791/792/791 800/1154/800 797/1155/797
f 805/806/805 789/1156/789 1109/1157/1109
f 790/791/790 804/1158/804 801/1159/801
f 799/1160/799 792/1161/792 1110/1162/1110
f 803/1163/803 793/794/793 798/1164/798
f 795/1165/795 806/807/806 1111/1166/1111
f 807/1167/807 794/795/794 802/1168/802
f 808/1169/808 816/817/816 1112/1170/1112
f 811/812/811 820/1171/820 817/1172/817
f 825/1173/825 809/1174/809 1113/1175/1113
f 810/811/810 824/1176/824 821/1177/821
f 819/820/819 812/1178/812 1114/1179/1114
f 823/1180/823 813/814/813 818/1181/818
f 815/1182/815 826/1183/826 1115/1184/1115
f 827/1185/827 814/815/814 822/1186/822
f 828/1187/828 836/837/836 1116/1188/1116
f 831/832/831 840/1189/840 837/1190/837
f 845/1191/845 829/1192/829 1117/1193/1117
f 830/831/830 844/1194/844 841/1195/841
f 839/840/839 832/1196/832 1118/1197/1118
f 843/1198/843 833/834/833 838/1199/838
f 835/1200/835 846/1201/846 1119/1202/1119
f 847/1203/847 834/835/834 842/1204/842
f 848/1205/848 856/857/856 1120/1206/1120
f 851/852/851 860/1207/860 857/1208/857
f 865/1209/865 849/1210/849 1121/1211/1121
f 850/851/850 864/1212/864 861/1213/861
f 859/860/859 852/1214/852 1122/1215/1122
f 863/1216/863 853/854/853 858/1217/858
f 855/1218/855 866/1219/866 1123/1220/1123
f 867/1221/867 854/855/854 862/1222/862
f 868/1223/868 876/877/876 1124/1224/1124
f 871/872/871 880/1225/880 877/1226/877
f 885/1227/885 869/1228/869 1125/1229/1125
f 870/871/870 884/1230/884 881/1231/881
f 879/880/879 872/1232/872 1126/1233/1126
f 883/1234/883 873/874/873 878/1235/878
f 875/1236/875 886/1237/886 1127/1238/1127
f 887/1239/887 874/875/874 882/1240/882
f 888/1241/888 896/1242/896 1128/1243/1128
f 891/892/891 900/1244/900 897/1245/897
f 905/906/905 889/1246/889 1129/1247/1129
f 890/891/890 904/1248/904 901/1249/901
f 899/1250/899 892/893/892 1130/1251/1130
f 903/1252/903 893/894/893 898/1253/898
f 895/896/895 906/1254/906 1131/1255/1131
f 907/1256/907 894/895/894 902/1257/902
f 908/1258/908 916/1259/916 1132/1260/1132
f 911/912/911 920/1261/920 917/1262/917
f 925/926/925 909/1263/909 1133/1264/1133
f 910/911/910 924/1265/924 921/1266/921
f 919/1267/919 912/913/912 1134/1268/1134
f 923/1269/923 913/914/913 918/1270/918
f 915/916/915 926/1271/926 1135/1272/1135
f 927/1273/927 914/915/914 922/1274/922
f 928/1275/928 936/1276/936 1136/1277/1136
f 931/932/931 940/1278/940 937/1279/937
f 945/946/945 929/1280/929 1137/1281/1137
f 930/931/930 944/1282/944 941/1283/941
f 939/1284/939 932/933/932 1138/1285/1138
f 943/1286/943 933/934/933 938/1287/938
f 935/936/935 946/1288/946 1139/1289/1139
f 947/1290/947 934/935/934 942/1291/942
f 948/1292/948 956/1293/956 1140/1294/1140
f 951/952/951 960/1295/960 957/1296/957
f 965/966/965 949/1297/949 1141/1298/1141
f 950/951/950 964/1299/964 961/1300/961
f 959/1301/959 952/953/952 1142/1302/1142
f 963/1303/963 953/954/953 958/1304/958
f 955/956/955 966/1305/966 1143/1306/1143
f 967/1307/967 954/955/954 962/1308/962
f 968/1309/968 976/977/976 1144/1310/1144
f 971/972/971 980/1311/980 977/1312/977
f 985/1313/985 969/1314/969 1145/1315/1145
f 970/971/970 984/1316/984 981/1317/981
f 979/1318/979 972/973/972 1146/1319/1146
f 983/1320/983 973/974/973 978/1321/978
f 975/976/975 986/1322/986 1147/1323/1147
f 987/1324/987 974/975/974 982/1325/982
f 988/1326/988 996/997/996 1148/1327/1148
f 991/992/991 1000/1328/1000 997/1329/997
f 1005/1330/1005 989/1331/989 1149/1332/1149
f 990/991/990 1004/1333/1004 1001/1334/1001
f 999/1335/999 992/993/992 1150/1336/1150
f 1003/1337/1003 993/994/993 998/1338/998
f 995/996/995 1006/1339/1006 1151/1340/1151
f 1007/1341/1007 994/995/994 1002/1342/1002
f 1008/1343/1008 1016/1017/1016 1152/1344/1152
f 1011/1012/1011 1020/1345/1020 1017/1346/1017
f 1025/1347/1025 1009/1348/1009 1153/1349/1153
f 1010/1011/1010 1024/1350/1024 1021/1351/1021
f 1019/1352/1019 1012/1013/1012 1154/1353/1154
f 1023/1354/1023 1013/1014/1013 1018/1355/1018
f 1015/1016/1015 1026/1356/1026 1155/1357/1155
f 1027/1358/1027 1014/1015/1014 1022/1359/1022
f 1028/1360/1028 1036/1037/1036 1156/1361/1156
f 1031/1032/1031 1040/1362/1040 1037/1363/1037
f 1045/1364/1045 1029/1365/1029 1157/1366/1157
f 1030/1031/1030 1044/1367/1044 1041/1368/1041
f 1039/1369/1039 1032/1033/1032 1158/1370/1158
f 1043/1371/1043 1033/1034/1033 1038/1372/1038
f 1035/1036/1035 1046/1373/1046 1159/1374/1159
f 1047/1375/1047 1034/1035/1034 1042/1376/1042
s 0
f 1171/1377/1160 1173/1378/1160 1160/1379/1160
s 1
f 1048/1049/1048 1093/1094/1093 1160/1380/1161
f 1049/1050/1049 1161/1381/1162 1052/1053/1052
f 1053/1054/1053 1162/1382/1163 1056/1057/1056
f 1057/1058/1057 1163/1383/1164 1060/1061/1060
f 1061/1062/1061 1164/1384/1165 1064/1065/1064
f 1165/1385/1166 1068/1069/1068 1065/1066/1065
f 1166/1386/1167 1072/1073/1072 1069/1070/1069
f 1167/1387/1168 1076/1388/1076 1073/1074/1073
f 1168/1389/1169 1080/1081/1080 1077/1078/1077
f 1084/1085/1084 1081/1082/1081 1169/1390/1170
f 1088/1089/1088 1085/1086/1085 1170/1391/1171
f 1051/1392/1051 1172/1393/692 1094/1394/1094
f 1055/1395/1055 1172/1393/692 1050/1396/1050
f 1059/1397/1059 1172/1393/692 1054/1398/1054
f 1063/1399/1063 1172/1393/692 1058/1400/1058
f 1067/1401/1067 1172/1393/692 1062/1402/1062
f 1071/1403/1071 1172/1393/692 1066/1404/1066
f 1075/1405/1075 1172/1393/692 1070/1406/1070
f 1079/1407/1079 1172/1393/692 1074/1408/1074
f 1083/1409/1083 1172/1393/692 1078/1410/1078
f 1087/1411/1087 1172/1393/692 1082/1412/1082
f 1091/1413/1091 1172/1393/692 1086/1414/1086
f 1095/1415/1095 1172/1393/692 1090/1416/1090
f 728/1417/728 1096/1418/1096 1097/1419/1097 729/1420/729
f 729/730/729 745/1421/745 744/1104/744 730/731/730
f 730/731/730 741/1105/741 740/1100/740 731/732/731
f 731/732/731 737/1101/737 736/1422/736 728/729/728
f 732/733/732 739/1423/739 738/1110/738 733/734/733
f 733/734/733 743/1109/743 742/1114/742 734/735/734
f 734/735/734 747/1113/747 746/1424/746 735/736/735
f 735/1425/735 1099/1426/1099 1098/1427/1098 732/1428/732
f 737/1429/737 740/741/740 743/744/743 738/1430/738
f 739/740/739 1098/1431/1098 1096/1432/1096 736/737/736
f 741/1433/741 744/745/744 747/748/747 742/1434/742
f 745/746/745 1097/1103/1097 1099/1112/1099 746/747/746
f 748/1435/748 1100/1436/1100 1101/1437/1101 749/1438/749
f 749/750/749 765/1439/765 764/1122/764 750/751/750
f 750/751/750 761/1123/761 760/1118/760 751/752/751
f 751/752/751 757/1119/757 756/1440/756 748/749/748
f 752/753/752 759/1441/759 758/1128/758 753/754/753
f 753/754/753 763/1127/763 762/1132/762 754/755/754
f 754/755/754 767/1131/767 766/1442/766 755/756/755
f 755/1443/755 1103/1444/1103 1102/1445/1102 752/1446/752
f 757/1447/757 760/761/760 763/764/763 758/1448/758
f 759/760/759 1102/1449/1102 1100/1450/1100 756/757/756
f 761/1451/761 764/765/764 767/768/767 762/1452/762
f 765/766/765 1101/1121/1101 1103/1130/1103 766/767/766
f 768/1453/768 1104/1454/1104 1105/1455/1105 769/1456/769
f 769/770/769 785/1457/785 784/1140/784 770/771/770
f 770/771/770 781/1141/781 780/1136/780 771/772/771
f 771/772/771 777/1137/777 776/1458/776 768/769/768
f 772/773/772 779/1459/779 778/1146/778 773/774/773
f 773/774/773 783/1145/783 782/1150/782 774/775/774
f 774/775/774 787/1149/787 786/1460/786 775/776/775
f 775/1461/775 1107/1462/1107 1106/1463/1106 772/1464/772
f 777/1465/777 780/781/780 783/784/783 778/1466/778
f 779/780/779 1106/1467/1106 1104/1468/1104 776/777/776
f 781/1469/781 784/785/784 787/788/787 782/1470/782
f 785/786/785 1105/1139/1105 1107/1148/1107 786/787/786
f 788/1471/788 1108/1472/1108 1109/1473/1109 789/1474/789
f 789/790/789 805/1475/805 804/1158/804 790/791/790
f 790/791/790 801/1159/801 800/1154/800 791/792/791
f 791/792/791 797/1155/797 796/1476/796 788/789/788
f 792/793/792 799/1477/799 798/1164/798 793/794/793
f 793/794/793 803/1163/803 802/1168/802 794/795/794
f 794/795/794 807/1167/807 806/1478/806 795/796/795
f 795/1479/795 1111/1480/1111 1110/1481/1110 792/1482/792
f 797/1483/797 800/801/800 803/804/803 798/1484/798
f 799/800/799 1110/1485/1110 1108/1486/1108 796/797/796
f 801/1487/801 804/805/804 807/808/807 802/1488/802
f 805/806/805 1109/1157/1109 1111/1166/1111 806/807/806
f 808/1489/808 1112/1490/1112 1113/1491/1113 809/1492/809
f 809/810/809 825/1493/825 824/1176/824 810/811/810
f 810/811/810 821/1177/821 820/1171/820 811/812/811
f 811/812/811 817/1172/817 816/1494/816 808/809/808
f 812/813/812 819/1495/819 818/1181/818 813/814/813
f 813/814/813 823/1180/823 822/1186/822 814/815/814
f 814/815/814 827/1185/827 826/1496/826 815/816/815
f 815/1497/815 1115/1498/1115 1114/1499/1114 812/1500/812
f 817/818/817 820/1501/820 823/1502/823 818/819/818
f 819/820/819 1114/1179/1114 1112/1170/1112 816/817/816
f 821/822/821 824/1503/824 827/1504/827 822/823/822
f 825/826/825 1113/1505/1113 1115/1506/1115 826/827/826
f 828/1507/828 1116/1508/1116 1117/1509/1117 829/1510/829
f 829/830/829 845/1511/845 844/1194/844 830/831/830
f 830/831/830 841/1195/841 840/1189/840 831/832/831
f 831/832/831 837/1190/837 836/1512/836 828/829/828
f 832/833/832 839/1513/839 838/1199/838 833/834/833
f 833/834/833 843/1198/843 842/1204/842 834/835/834
f 834/835/834 847/1203/847 846/1514/846 835/836/835
f 835/1515/835 1119/1516/1119 1118/1517/1118 832/1518/832
f 837/838/837 840/1519/840 843/1520/843 838/839/838
f 839/840/839 1118/1197/1118 1116/1188/1116 836/837/836
f 841/842/841 844/1521/844 847/1522/847 842/843/842
f 845/846/845 1117/1523/1117 1119/1524/1119 846/847/846
f 848/1525/848 1120/1526/1120 1121/1527/1121 849/1528/849
f 849/850/849 865/1529/865 864/1212/864 850/851/850
f 850/851/850 861/1213/861 860/1207/860 851/852/851
f 851/852/851 857/1208/857 856/1530/856 848/849/848
f 852/853/852 859/1531/859 858/1217/858 853/854/853
f 853/854/853 863/1216/863 862/1222/862 854/855/854
f 854/855/854 867/1221/867 866/1532/866 855/856/855
f 855/1533/855 1123/1534/1123 1122/1535/1122 852/1536/852
f 857/858/857 860/1537/860 863/1538/863 858/859/858
f 859/860/859 1122/1215/1122 1120/1206/1120 856/857/856
f 861/862/861 864/1539/864 867/1540/867 862/863/862
f 865/866/865 1121/1541/1121 1123/1542/1123 866/867/866
f 868/1543/868 1124/1544/1124 1125/1545/1125 869/1546/869
f 869/870/869 885/1547/885 884/1230/884 870/871/870
f 870/871/870 881/1231/881 880/1225/880 871/872/871
f 871/872/871 877/1226/877 876/1548/876 868/869/868
f 872/873/872 879/1549/879 878/1235/878 873/874/873
f 873/874/873 883/1234/883 882/1240/882 874/875/874
f 874/875/874 887/1239/887 886/1550/886 875/876/875
f 875/1551/875 1127/1552/1127 1126/1553/1126 872/1554/872
f 877/878/877 880/1555/880 883/1556/883 878/879/878
f 879/880/879 1126/1233/1126 1124/1224/1124 876/877/876
f 881/882/881 884/1557/884 887/1558/887 882/883/882
f 885/886/885 1125/1559/1125 1127/1560/1127 886/887/886
f 888/1561/888 1128/1562/1128 1129/1563/1129 889/1564/889
f 889/890/889 905/1565/905 904/1248/904 890/891/890
f 890/891/890 901/1249/901 900/1244/900 891/892/891
f 891/892/891 897/1245/897 896/1566/896 888/889/888
f 892/893/892 899/1250/899 898/1253/898 893/894/893
f 893/894/893 903/1252/903 902/1257/902 894/895/894
f 894/895/894 907/1256/907 906/1254/906 895/896/895
f 895/896/895 1131/1255/1131 1130/1251/1130 892/893/892
f 897/1567/897 900/901/900 903/904/903 898/1568/898
f 899/900/899 1130/1569/1130 1128/1570/1128 896/897/896
f 901/1571/901 904/905/904 907/908/907 902/1572/902
f 905/906/905 1129/1247/1129 1131/1573/1131 906/907/906
f 908/1574/908 1132/1575/1132 1133/1576/1133 909/1577/909
f 909/910/909 925/1578/925 924/1265/924 910/911/910
f 910/911/910 921/1266/921 920/1261/920 911/912/911
f 911/912/911 917/1262/917 916/1579/916 908/909/908
f 912/913/912 919/1267/919 918/1270/918 913/914/913
f 913/914/913 923/1269/923 922/1274/922 914/915/914
f 914/915/914 927/1273/927 926/1271/926 915/916/915
f 915/916/915 1135/1272/1135 1134/1268/1134 912/913/912
f 917/1580/917 920/921/920 923/924/923 918/1581/918
f 919/920/919 1134/1582/1134 1132/1583/1132 916/917/916
f 921/1584/921 924/925/924 927/928/927 922/1585/922
f 925/926/925 1133/1264/1133 1135/1586/1135 926/927/926
f 928/1587/928 1136/1588/1136 1137/1589/1137 929/1590/929
f 929/930/929 945/1591/945 944/1282/944 930/931/930
f 930/931/930 941/1283/941 940/1278/940 931/932/931
f 931/932/931 937/1279/937 936/1592/936 928/929/928
f 932/933/932 939/1284/939 938/1287/938 933/934/933
f 933/934/933 943/1286/943 942/1291/942 934/935/934
f 934/935/934 947/1290/947 946/1288/946 935/936/935
f 935/936/935 1139/1289/1139 1138/1285/1138 932/933/932
f 937/1593/937 940/941/940 943/944/943 938/1594/938
f 939/940/939 1138/1595/1138 1136/1596/1136 936/937/936
f 941/1597/941 944/945/944 947/948/947 942/1598/942
f 945/946/945 1137/1281/1137 1139/1599/1139 946/947/946
f 948/1600/948 1140/1601/1140 1141/1602/1141 949/1603/949
f 949/950/949 965/1604/965 964/1299/964 950/951/950
f 950/951/950 961/1300/961 960/1295/960 951/952/951
f 951/952/951 957/1296/957 956/1605/956 948/949/948
f 952/953/952 959/1301/959 958/1304/958 953/954/953
f 953/954/953 963/1303/963 962/1308/962 954/955/954
f 954/955/954 967/1307/967 966/1305/966 955/956/955
f 955/956/955 1143/1306/1143 1142/1302/1142 952/953/952
f 957/1606/957 960/961/960 963/964/963 958/1607/958
f 959/960/959 1142/1608/1142 1140/1609/1140 956/957/956
f 961/1610/961 964/965/964 967/968/967 962/1611/962
f 965/966/965 1141/1298/1141 1143/1612/1143 966/967/966
f 968/1613/968 1144/1614/1144 1145/1615/1145 969/1616/969
f 969/970/969 985/1617/985 984/1316/984 970/971/970
f 970/971/970 981/1317/981 980/1311/980 971/972/971
f 971/972/971 977/1312/977 976/1618/976 968/969/968
f 972/973/972 979/1318/979 978/1321/978 973/974/973
f 973/974/973 983/1320/983 982/1325/982 974/975/974
f 974/975/974 987/1324/987 986/1322/986 975/976/975
f 975/976/975 1147/1323/1147 1146/1319/1146 972/973/972
f 977/978/977 980/1619/980 983/1620/983 978/979/978
f 979/980/979 1146/1621/1146 1144/1310/1144 976/977/976
f 981/982/981 984/1622/984 987/1623/987 982/983/982
f 985/986/985 1145/1624/1145 1147/1625/1147 986/987/986
f 988/1626/988 1148/1627/1148 1149/1628/1149 989/1629/989
f 989/990/989 1005/1630/1005 1004/1333/1004 990/991/990
f 990/991/990 1001/1334/1001 1000/1328/1000 991/992/991
f 991/992/991 997/1329/997 996/1631/996 988/989/988
f 992/993/992 999/1335/999 998/1338/998 993/994/993
f 993/994/993 1003/1337/1003 1002/1342/1002 994/995/994
f 994/995/994 1007/1341/1007 1006/1339/1006 995/996/995
f 995/996/995 1151/1340/1151 1150/1336/1150 992/993/992
f 997/998/997 1000/1632/1000 1003/1633/1003 998/999/998
f 999/1000/999 1150/1634/1150 1148/1327/1148 996/997/996
f 1001/1002/1001 1004/1635/1004 1007/1636/1007 1002/1003/1002
f 1005/1006/1005 1149/1637/1149 1151/1638/1151 1006/1007/1006
f 1008/1639/1008 1152/1640/1152 1153/1641/1153 1009/1642/1009
f 1009/1010/1009 1025/1643/1025 1024/1350/1024 1010/1011/1010
f 1010/1011/1010 1021/1351/1021 1020/1345/1020 1011/1012/1011
f 1011/1012/1011 1017/1346/1017 1016/1644/1016 1008/1009/1008
f 1012/1013/1012 1019/1352/1019 1018/1355/1018 1013/1014/1013
f 1013/1014/1013 1023/1354/1023 1022/1359/1022 1014/1015/1014
f 1014/1015/1014 1027/1358/1027 1026/1356/1026 1015/1016/1015
f 1015/1016/1015 1155/1357/1155 1154/1353/1154 1012/1013/1012
f 1017/1018/1017 1020/1645/1020 1023/1646/1023 1018/1019/1018
f 1019/1020/1019 1154/1647/1154 1152/1344/1152 1016/1017/1016
f 1021/1022/1021 1024/1648/1024 1027/1649/1027 1022/1023/1022
f 1025/1026/1025 1153/1650/1153 1155/1651/1155 1026/1027/1026
f 1028/1652/1028 1156/1653/1156 1157/1654/1157 1029/1655/1029
f 1029/1030/1029 1045/1656/1045 1044/1367/1044 1030/1031/1030
f 1030/1031/1030 1041/1368/1041 1040/1362/1040 1031/1032/1031
f 1031/1032/1031 1037/1363/1037 1036/1657/1036 1028/1029/1028
f 1032/1033/1032 1039/1369/1039 1038/1372/1038 1033/1034/1033
f 1033/1034/1033 1043/1371/1043 1042/1376/1042 1034/1035/1034
f 1034/1035/1034 1047/1375/1047 1046/1373/1046 1035/1036/1035
f 1035/1036/1035 1159/1374/1159 1158/1370/1158 1032/1033/1032
f 1037/1038/1037 1040/1658/1040 1043/1659/1043 1038/1039/1038
f 1039/1040/1039 1158/1660/1158 1156/1361/1156 1036/1037/1036
f 1041/1042/1041 1044/1661/1044 1047/1662/1047 1042/1043/1042
f 1045/1046/1045 1157/1663/1157 1159/1664/1159 1046/1047/1046
f 1161/1381/1162 1049/1050/1049 1048/1049/1048 1160/1380/1161
f 1162/1382/1163 1053/1054/1053 1052/1053/1052 1161/1381/1162
f 1163/1383/1164 1057/1058/1057 1056/1057/1056 1162/1382/1163
f 1164/1384/1165 1061/1062/1061 1060/1061/1060 1163/1383/1164
f 1165/1385/1166 1065/1066/1065 1064/1065/1064 1164/1384/1165
f 1166/1386/1167 1069/1070/1069 1068/1069/1068 1165/1385/1166
f 1167/1387/1168 1073/1074/1073 1072/1073/1072 1166/1386/1167
f 1168/1389/1169 1077/1078/1077 1076/1077/1076 1167/1665/1168
f 1169/1390/1170 1081/1082/1081 1080/1081/1080 1168/1389/1169
f 1170/1391/1171 1085/1086/1085 1084/1085/1084 1169/1390/1170
f 1171/1666/1172 1089/1090/1089 1088/1089/1088 1170/1391/1171
f 1160/1380/1161 1093/1094/1093 1092/1093/1092 1171/1666/1172
f 1050/1396/1050 1172/1393/692 1051/1392/1051
f 1051/1052/1051 1094/1095/1094 1093/1094/1093 1048/1049/1048
f 1049/1050/1049 1052/1053/1052 1055/1056/1055 1050/1051/1050
f 1054/1398/1054 1172/1393/692 1055/1395/1055
f 1053/1054/1053 1056/1057/1056 1059/1060/1059 1054/1055/1054
f 1058/1400/1058 1172/1393/692 1059/1397/1059
f 1057/1058/1057 1060/1061/1060 1063/1064/1063 1058/1059/1058
f 1062/1402/1062 1172/1393/692 1063/1399/1063
f 1061/1062/1061 1064/1065/1064 1067/1068/1067 1062/1063/1062
f 1066/1404/1066 1172/1393/692 1067/1401/1067
f 1065/1066/1065 1068/1069/1068 1071/1072/1071 1066/1067/1066
f 1070/1406/1070 1172/1393/692 1071/1403/1071
f 1069/1070/1069 1072/1073/1072 1075/1076/1075 1070/1071/1070
f 1074/1408/1074 1172/1393/692 1075/1405/1075
f 1073/1074/1073 1076/1388/1076 1079/1667/1079 1074/1075/1074
f 1078/1410/1078 1172/1393/692 1079/1407/1079
f 1077/1078/1077 1080/1081/1080 1083/1084/1083 1078/1079/1078
f 1082/1412/1082 1172/1393/692 1083/1409/1083
f 1081/1082/1081 1084/1085/1084 1087/1088/1087 1082/1083/1082
f 1086/1414/1086 1172/1393/692 1087/1411/1087
f 1085/1086/1085 1088/1089/1088 1091/1092/1091 1086/1087/1086
f 1090/1416/1090 1172/1393/692 1091/1413/1091
f 1089/1090/1089 1092/1093/1092 1095/1096/1095 1090/1091/1090
f 1094/1394/1094 1172/1393/692 1095/1415/1095
f 1092/1093/1092 1089/1090/1089 1171/1666/1172
s 0
f 1170/1668/1160 1173/1378/1160 1171/1377/1160
f 1169/1669/1160 1173/1378/1160 1170/1668/1160
f 1168/1670/1160 1173/1378/1160 1169/1669/1160
f 1167/1671/1160 1173/1378/1160 1168/1670/1160
f 1166/1672/1160 1173/1378/1160 1167/1671/1160
f 1165/1673/1160 1173/1378/1160 1166/1672/1160
f 1164/1674/1160 1173/1378/1160 1165/1673/1160
f 1163/1675/1160 1173/1378/1160 1164/1674/1160
f 1162/1676/1160 1173/1378/1160 1163/1675/1160
f 1161/1677/1160 1173/1378/1160 1162/1676/1160
f 1160/1379/1160 1173/1378/1160 1161/1677/1160
s 1
usemtl cloth
f 1/1/1 2/2/2 3/3/3 4/4/4
f 4/4/4 3/3/3 5/5/5 6/6/6
f 6/6/6 5/5/5 7/7/7 8/8/8
f 8/8/8 7/7/7 9/9/9 10/10/10
f 10/10/10 9/9/9 11/11/11 12/12/12
f 12/12/12 11/11/11 13/13/13 14/14/14
f 14/14/14 13/13/13 15/15/15 16/16/16
f 16/16/16 15/15/15 17/17/17 18/18/18
f 18/18/18 17/17/17 19/19/19 20/20/20
f 20/20/20 19/19/19 21/21/21 22/22/22
f 22/22/22 21/21/21 23/23/23 24/24/24
f 24/24/24 23/23/23 25/25/25 26/26/26
f 26/26/26 25/25/25 27/27/27 28/28/28
f 28/28/28 27/27/27 29/29/29 30/30/30
f 30/30/30 29/29/29 31/31/31 32/32/32
f 32/32/32 31/31/31 33/33/33 34/34/34
f 34/34/34 33/33/33 35/35/35 36/36/36
f 36/36/36 35/35/35 37/37/37 38/38/38
f 38/38/38 37/37/37 39/39/39 40/40/40
f 40/40/40 39/39/39 41/41/41 42/42/42
f 42/42/42 41/41/41 43/43/43 44/44/44
f 44/44/44 43/43/43 2/2/2 1/1/1
f 1/1/1 4/4/4 45/45/45 46/46/46
f 4/4/4 6/6/6 47/47/47 45/45/45
f 6/6/6 8/8/8 48/48/48 47/47/47
f 8/8/8 10/10/10 49/49/49 48/48/48
f 10/10/10 12/12/12 50/50/50 49/49/49
f 12/12/12 14/14/14 51/51/51 50/50/50
f 14/14/14 16/16/16 52/52/52 51/51/51
f 16/16/16 18/18/18 53/53/53 52/52/52
f 18/18/18 20/20/20 54/54/54 53/53/53
f 20/20/20 22/22/22 55/55/55 54/54/54
f 22/22/22 24/24/24 56/56/56 55/55/55
f 24/24/24 26/26/26 57/57/57 56/56/56
f 26/26/26 28/28/28 58/58/58 57/57/57
f 28/28/28 30/30/30 59/59/59 58/58/58
f 30/30/30 32/32/32 60/60/60 59/59/59
f 32/32/32 34/34/34 61/61/61 60/60/60
f 34/34/34 36/36/36 62/62/62 61/61/61
f 36/36/36 38/38/38 63/63/63 62/62/62
f 38/38/38 40/40/40 64/64/64 63/63/63
f 40/40/40 42/42/42 65/65/65 64/64/64
f 42/42/42 44/44/44 66/66/66 65/65/65
f 44/44/44 1/1/1 46/46/46 66/66/66
f 46/46/46 45/45/45 67/67/67 68/68/68
f 45/45/45 47/47/47 69/69/69 67/67/67
f 47/47/47 48/48/48 70/70/70 69/69/69
f 48/48/48 49/49/49 71/71/71 70/70/70
f 49/49/49 50/50/50 72/72/72 71/71/71
f 50/50/50 51/51/51 73/73/73 72/72/72
f 51/51/51 52/52/52 74/74/74 73/73/73
f 52/52/52 53/53/53 75/75/75 74/74/74
f 53/53/53 54/54/54 76/76/76 75/75/75
f 54/54/54 55/55/55 77/77/77 76/76/76
f 55/55/55 56/56/56 78/78/78 77/77/77
f 56/56/56 57/57/57 79/79/79 78/78/78
f 57/57/57 58/58/58 80/80/80 79/79/79
f 58/58/58 59/59/59 81/81/81 80/80/80
f 59/59/59 60/60/60 82/82/82 81/81/81
f 60/60/60 61/61/61 83/83/83 82/82/82
f 61/61/61 62/62/62 84/84/84 83/83/83
f 62/62/62 63/63/63 85/85/85 84/84/84
f 63/63/63 64/64/64 86/86/86 85/85/85
f 64/64/64 65/65/65 87/87/87 86/86/86
f 65/65/65 66/66/66 88/88/88 87/87/87
f 66/66/66 46/46/46 68/68/68 88/88/88
f 68/68/68 67/67/67 89/89/89 90/90/90
f 67/67/67 69/69/69 91/91/91 89/89/89
f 69/69/69 70/70/70 92/92/92 91/91/91
f 70/70/70 71/71/71 93/93/93 92/92/92
f 71/71/71 72/72/72 94/94/94 93/93/93
f 72/72/72 73/73/73 95/95/95 94/94/94
f 73/73/73 74/74/74 96/96/96 95/95/95
f 74/74/74 75/75/75 97/97/97 96/96/96
f 75/75/75 76/76/76 98/98/98 97/97/97
f 76/76/76 77/77/77 99/99/99 98/98/98
f 77/77/77 78/78/78 100/100/100 99/99/99
f 78/78/78 79/79/79 101/101/101 100/100/100
f 79/79/79 80/80/80 102/102/102 101/101/101
f 80/80/80 81/81/81 103/103/103 102/102/102
f 81/81/81 82/82/82 104/104/104 103/103/103
f 82/82/82 83/83/83 105/105/105 104/104/104
f 83/83/83 84/84/84 106/106/106 105/105/105
f 84/84/84 85/85/85 107/107/107 106/106/106
f 85/85/85 86/86/86 108/108/108 107/107/107
f 86/86/86 87/87/87 109/109/109 108/108/108
f 87/87/87 88/88/88 110/110/110 109/109/109
f 88/88/88 68/68/68 90/90/90 110/110/110
f 90/90/90 89/89/89 111/111/111 112/112/112
f 89/89/89 91/91/91 113/113/113 111/111/111
f 91/91/91 92/92/92 114/114/114 113/113/113
f 92/92/92 93/93/93 115/115/115 114/114/114
f 93/93/93 94/94/94 116/116/116 115/115/115
f 94/94/94 95/95/95 117/117/117 116/116/116
f 95/95/95 96/96/96 118/118/118 117/117/117
f 96/96/96 97/97/97 119/119/119 118/118/118
f 97/97/97 98/98/98 120/120/120 119/119/119
f 98/98/98 99/99/99 121/121/121 120/120/120
f 99/99/99 100/100/100 122/122/122 121/121/121
f 100/100/100 101/101/101 123/123/123 122/122/122
f 101/101/101 102/102/102 124/124/124 123/123/123
f 102/102/102 103/103/103 125/125/125 124/124/124
f 103/103/103 104/104/104 126/126/126 125/125/125
f 104/104/104 105/105/105 127/127/127 126/126/126
f 105/105/105 106/106/106 128/128/128 127/127/127
f 106/106/106 107/107/107 129/129/129 128/128/128
f 107/107/107 108/108/108 130/130/130 129/129/129
f 108/108/108 109/109/109 131/131/131 130/130/130
f 109/109/109 110/110/110 132/132/132 131/131/131
f 110/110/110 90/90/90 112/112/112 132/132/132
f 112/112/112 111/111/111 133/133/133 134/134/134
f 111/111/111 113/113/113 135/135/135 133/133/133
f 113/113/113 114/114/114 136/136/136 135/135/135
f 114/114/114 115/115/115 137/137/137 136/136/136
f 115/115/115 116/116/116 138/138/138 137/137/137
f 116/116/116 117/117/117 139/139/139 138/138/138
f 117/117/117 118/118/118 140/140/140 139/139/139
f 118/118/118 119/119/119 141/141/141 140/140/140
f 119/119/119 120/120/120 142/142/142 141/141/141
f 120/120/120 121/121/121 143/143/143 142/142/142
f 121/121/121 122/122/122 144/144/144 143/143/143
f 122/122/122 123/123/123 145/145/145 144/144/144
f 123/123/123 124/124/124 146/146/146 145/145/145
f 124/124/124 125/125/125 147/147/147 146/146/146
f 125/125/125 126/126/126 148/148/148 147/147/147
f 126/126/126 127/127/127 149/149/149 148/148/148
f 127/127/127 128/128/128 150/150/150 149/149/149
f 128/128/128 129/129/129 151/151/151 150/150/150
f 129/129/129 130/130/130 152/152/152 151/151/151
f 130/130/130 131/131/131 153/153/153 152/152/152
f 131/131/131 132/132/132 154/154/154 153/153/153
f 132/132/132 112/112/112 134/134/134 154/154/154
f 134/134/134 133/133/133 155/155/155 156/156/156
f 133/133/133 135/135/135 157/157/157 155/155/155
f 135/135/135 136/136/136 158/158/158 157/157/157
f 136/136/136 137/137/137 159/159/159 158/158/158
f 137/137/137 138/138/138 160/160/160 159/159/159
f 138/138/138 139/139/139 161/161/161 160/160/160
f 139/139/139 140/140/140 162/162/162 161/161/161
f 140/140/140 141/141/141 163/163/163 162/162/162
f 141/141/141 142/142/142 164/164/164 163/163/163
f 142/142/142 143/143/143 165/165/165 164/164/164
f 143/143/143 144/144/144 166/166/166 165/165/165
f 144/144/144 145/145/145 167/167/167 166/166/166
f 145/145/145 146/146/146 168/168/168 167/167/167
f 146/146/146 147/147/147 169/169/169 168/168/168
f 147/147/147 148/148/148 170/170/170 169/169/169
f 148/148/148 149/149/149 171/171/171 170/170/170
f 149/149/149 150/150/150 172/172/172 171/171/171
f 150/150/150 151/151/151 173/173/173 172/172/172
f 151/151/151 152/152/152 174/174/174 173/173/173
f 152/152/152 153/153/153 175/175/175 174/174/174
f 153/153/153 154/154/154 176/176/176 175/175/175
f 154/154/154 134/134/134 156/156/156 176/176/176
f 156/156/156 155/155/155 177/177/177 178/178/178
f 155/155/155 157/157/157 179/179/179 177/177/177
f 157/157/157 158/158/158 180/180/180 179/179/179
f 158/158/158 159/159/159 181/181/181 180/180/180
f 159/159/159 160/160/160 182/182/182 181/181/181
f 160/160/160 161/161/161 183/183/183 182/182/182
f 161/161/161 162/162/162 184/184/184 183/183/183
f 162/162/162 163/163/163 185/185/185 184/184/184
f 163/163/163 164/164/164 186/186/186 185/185/185
f 164/164/164 165/165/165 187/187/187 186/186/186
f 165/165/165 166/166/166 188/188/188 187/187/187
f 166/166/166 167/167/167 189/189/189 188/188/188
f 167/167/167 168/168/168 190/190/190 189/189/189
f 168/168/168 169/169/169 191/191/191 190/190/190
f 169/169/169 170/170/170 192/192/192 191/191/191
f 170/170/170 171/171/171 193/193/193 192/192/192
f 171/171/171 172/172/172 194/194/194 193/193/193
f 172/172/172 173/173/173 195/195/195 194/194/194
f 173/173/173 174/174/174 196/196/196 195/195/195
f 174/174/174 175/175/175 197/197/197 196/196/196
f 175/175/175 176/176/176 198/198/198 197/197/197
f 176/176/176 156/156/156 178/178/178 198/198/198
f 178/178/178 177/177/177 199/199/199 200/200/200
f 177/177/177 179/179/179 201/201/201 199/199/199
f 179/179/179 180/180/180 202/202/202 201/201/201
f 180/180/180 181/181/181 203/203/203 202/202/202
f 181/181/181 182/182/182 204/204/204 203/203/203
f 182/182/182 183/183/183 205/205/205 204/204/204
f 183/183/183 184/184/184 206/206/206 205/205/205
f 184/184/184 185/185/185 207/207/207 206/206/206
f 185/185/185 186/186/186 208/208/208 207/207/207
f 186/186/186 187/187/187 209/209/209 208/208/208
f 187/187/187 188/188/188 210/210/210 209/209/209
f 188/188/188 189/189/189 211/211/211 210/210/210
f 189/189/189 190/190/190 212/212/212 211/211/211
f 190/190/190 191/191/191 213/213/213 212/212/212
f 191/191/191 192/192/192 214/214/214 213/213/213
f 192/192/192 193/193/193 215/215/215 214/214/214
f 193/193/193 194/194/194 216/216/216 215/215/215
f 194/194/194 195/195/195 217/217/217 216/216/216
f 195/195/195 196/196/196 218/218/218 217/217/217
f 196/196/196 197/197/197 219/219/219 218/218/218
f 197/197/197 198/198/198 220/220/220 219/219/219
f 198/198/198 178/178/178 200/200/200 220/220/220
f 200/200/200 199/199/199 221/221/221 222/222/222
f 199/199/199 201/201/201 223/223/223 221/221/221
f 201/201/201 202/202/202 224/224/224 223/223/223
f 202/202/202 203/203/203 225/225/225 224/224/224
f 203/203/203 204/204/204 226/226/226 225/225/225
f 204/204/204 205/205/205 227/227/227 226/226/226
f 205/205/205 206/206/206 228/228/228 227/227/227
f 206/206/206 207/207/207 229/229/229 228/228/228
f 207/207/207 208/208/208 230/230/230 229/229/229
f 208/208/208 209/209/209 231/231/231 230/230/230
f 209/209/209 210/210/210 232/232/232 231/231/231
f 210/210/210 211/211/211 233/233/233 232/232/232
f 211/211/211 212/212/212 234/234/234 233/233/233
f 212/212/212 213/213/213 235/235/235 234/234/234
f 213/213/213 214/214/214 236/236/236 235/235/235
f 214/214/214 215/215/215 237/237/237 236/236/236
f 215/215/215 216/216/216 238/238/238 237/237/237
f 216/216/216 217/217/217 239/239/239 238/238/238
f 217/217/217 218/218/218 240/240/240 239/239/239
f 218/218/218 219/219/219 241/241/241 240/240/240
f 219/219/219 220/220/220 242/242/242 241/241/241
f 220/220/220 200/200/200 222/222/222 242/242/242
f 243/243/243 244/244/244 245/244/245 246/243/246
f 244/244/244 247/245/247 248/246/248 245/244/245
f 247/245/247 249/247/249 250/248/250 248/246/248
f 249/247/249 251/249/251 252/249/252 250/248/250
f 251/249/251 253/250/253 254/251/254 252/249/252
f 253/250/253 255/252/255 256/252/256 254/251/254
f 255/252/255 257/253/257 258/253/258 256/252/256
f 257/253/257 259/254/259 260/255/260 258/253/258
f 259/254/259 261/256/261 262/256/262 260/255/260
f 261/256/261 263/257/263 264/258/264 262/256/262
f 263/257/263 265/259/265 266/260/266 264/258/264
f 265/259/265 267/261/267 268/261/268 266/260/266
f 267/261/267 269/262/269 270/263/270 268/261/268
f 269/262/269 271/264/271 272/265/272 270/263/270
f 271/264/271 273/266/273 274/266/274 272/265/272
f 273/266/273 275/267/275 276/268/276 274/266/274
f 275/267/275 277/269/277 278/269/278 276/268/276
f 277/269/277 279/270/279 280/270/280 278/269/278
f 279/270/279 281/271/281 282/271/282 280/270/280
f 281/271/281 283/272/283 284/272/284 282/271/282
f 283/272/283 285/273/285 286/273/286 284/272/284
f 285/273/285 243/243/243 246/243/246 286/273/286
f 246/274/246 245/275/245 287/275/287 288/274/288
f 245/275/245 248/276/248 289/277/289 287/275/287
f 248/276/248 250/278/250 290/279/290 289/277/289
f 250/278/250 252/280/252 291/280/291 290/279/290
f 252/280/252 254/281/254 292/282/292 291/280/291
f 254/281/254 256/283/256 293/283/293 292/282/292
f 256/283/256 258/284/258 294/284/294 293/283/293
f 258/284/258 260/285/260 295/286/295 294/284/294
f 260/285/260 262/287/262 296/287/296 295/286/295
f 262/287/262 264/288/264 297/289/297 296/287/296
f 264/288/264 266/290/266 298/291/298 297/289/297
f 266/290/266 268/292/268 299/292/299 298/291/298
f 268/292/268 270/293/270 300/294/300 299/292/299
f 270/293/270 272/295/272 301/296/301 300/294/300
f 272/295/272 274/297/274 302/297/302 301/296/301
f 274/297/274 276/298/276 303/299/303 302/297/302
f 276/298/276 278/300/278 304/300/304 303/299/303
f 278/300/278 280/301/280 305/301/305 304/300/304
f 280/301/280 282/302/282 306/302/306 305/301/305
f 282/302/282 284/303/284 307/303/307 306/302/306
f 284/303/284 286/304/286 308/304/308 307/303/307
f 286/304/286 246/274/246 288/274/288 308/304/308
f 309/305/309 310/306/310 311/307/311 312/308/312
f 310/306/310 313/309/313 314/310/314 311/307/311
f 313/309/313 315/311/315 316/312/316 314/310/314
f 315/311/315 317/313/317 318/314/318 316/312/316
f 317/313/317 319/315/319 320/316/320 318/314/318
f 319/315/319 321/317/321 322/318/322 320/316/320
f 321/317/321 323/319/323 324/320/324 322/318/322
f 323/319/323 325/321/325 326/322/326 324/320/324
f 325/321/325 327/323/327 328/324/328 326/322/326
f 327/323/327 329/325/329 330/326/330 328/324/328
f 329/325/329 331/327/331 332/328/332 330/326/330
f 331/327/331 333/329/333 334/330/334 332/328/332
f 333/329/333 335/331/335 336/332/336 334/330/334
f 335/331/335 337/333/337 338/334/338 336/332/336
f 337/333/337 339/335/339 340/336/340 338/334/338
f 339/335/339 341/337/341 342/338/342 340/336/340
f 341/337/341 343/339/343 344/340/344 342/338/342
f 343/339/343 345/341/345 346/342/346 344/340/344
f 345/341/345 347/343/347 348/344/348 346/342/346
f 347/343/347 349/345/349 350/346/350 348/344/348
f 349/345/349 351/347/351 352/348/352 350/346/350
f 351/347/351 309/305/309 312/308/312 352/348/352
f 312/308/312 311/307/311 353/349/353 354/350/354
f 311/307/311 314/310/314 355/351/355 353/349/353
f 314/310/314 316/312/316 356/352/356 355/351/355
f 316/312/316 318/314/318 357/353/357 356/352/356
f 318/314/318 320/316/320 358/354/358 357/353/357
f 320/316/320 322/318/322 359/355/359 358/354/358
f 322/318/322 324/320/324 360/356/360 359/355/359
f 324/320/324 326/322/326 361/357/361 360/356/360
f 326/322/326 328/324/328 362/358/362 361/357/361
f 328/324/328 330/326/330 363/359/363 362/358/362
f 330/326/330 332/328/332 364/360/364 363/359/363
f 332/328/332 334/330/334 365/361/365 364/360/364
f 334/330/334 336/332/336 366/362/366 365/361/365
f 336/332/336 338/334/338 367/363/367 366/362/366
f 338/334/338 340/336/340 368/364/368 367/363/367
f 340/336/340 342/338/342 369/365/369 368/364/368
f 342/338/342 344/340/344 370/366/370 369/365/369
f 344/340/344 346/342/346 371/367/371 370/366/370
f 346/342/346 348/344/348 372/368/372 371/367/371
f 348/344/348 350/346/350 373/369/373 372/368/372
f 350/346/350 352/348/352 374/370/374 373/369/373
f 352/348/352 312/308/312 354/350/354 374/370/374
f 354/350/354 353/349/353 375/371/375 376/372/376
f 353/349/353 355/351/355 377/373/377 375/371/375
f 355/351/355 356/352/356 378/374/378 377/373/377
f 356/352/356 357/353/357 379/375/379 378/374/378
f 357/353/357 358/354/358 380/376/380 379/375/379
f 358/354/358 359/355/359 381/377/381 380/376/380
f 359/355/359 360/356/360 382/378/382 381/377/381
f 360/356/360 361/357/361 383/379/383 382/378/382
f 361/357/361 362/358/362 384/380/384 383/379/383
f 362/358/362 363/359/363 385/381/385 384/380/384
f 363/359/363 364/360/364 386/382/386 385/381/385
f 364/360/364 365/361/365 387/383/387 386/382/386
f 365/361/365 366/362/366 388/384/388 387/383/387
f 366/362/366 367/363/367 389/385/389 388/384/388
f 367/363/367 368/364/368 390/386/390 389/385/389
f 368/364/368 369/365/369 391/387/391 390/386/390
f 369/365/369 370/366/370 392/388/392 391/387/391
f 370/366/370 371/367/371 393/389/393 392/388/392
f 371/367/371 372/368/372 394/390/394 393/389/393
f 372/368/372 373/369/373 395/391/395 394/390/394
f 373/369/373 374/370/374 396/392/396 395/391/395
f 374/370/374 354/350/354 376/372/376 396/392/396
f 376/372/376 375/371/375 397/393/397 398/394/398
f 375/371/375 377/373/377 399/395/399 397/393/397
f 377/373/377 378/374/378 400/396/400 399/395/399
f 378/374/378 379/375/379 401/397/401 400/396/400
f 379/375/379 380/376/380 402/398/402 401/397/401
f 380/376/380 381/377/381 403/399/403 402/398/402
f 381/377/381 382/378/382 404/400/404 403/399/403
f 382/378/382 383/379/383 405/401/405 404/400/404
f 383/379/383 384/380/384 406/402/406 405/401/405
f 384/380/384 385/381/385 407/403/407 406/402/406
f 385/381/385 386/382/386 408/404/408 407/403/407
f 386/382/386 387/383/387 409/405/409 408/404/408
f 387/383/387 388/384/388 410/406/410 409/405/409
f 388/384/388 389/385/389 411/407/411 410/406/410
f 389/385/389 390/386/390 412/408/412 411/407/411
f 390/386/390 391/387/391 413/409/413 412/408/412
f 391/387/391 392/388/392 414/410/414 413/409/413
f 392/388/392 393/389/393 415/411/415 414/410/414
f 393/389/393 394/390/394 416/412/416 415/411/415
f 394/390/394 395/391/395 417/413/417 416/412/416
f 395/391/395 396/392/396 418/414/418 417/413/417
f 396/392/396 376/372/376 398/394/398 418/414/418
f 398/394/398 397/393/397 419/415/419 420/416/420
f 397/393/397 399/395/399 421/417/421 419/415/419
f 399/395/399 400/396/400 422/418/422 421/417/421
f 400/396/400 401/397/401 423/419/423 422/418/422
f 401/397/401 402/398/402 424/420/424 423/419/423
f 402/398/402 403/399/403 425/421/425 424/420/424
f 403/399/403 404/400/404 426/422/426 425/421/425
f 404/400/404 405/401/405 427/423/427 426/422/426
f 405/401/405 406/402/406 428/424/428 427/423/427
f 406/402/406 407/403/407 429/425/429 428/424/428
f 407/403/407 408/404/408 430/426/430 429/425/429
f 408/404/408 409/405/409 431/427/431 430/426/430
f 409/405/409 410/406/410 432/428/432 431/427/431
f 410/406/410 411/407/411 433/429/433 432/428/432
f 411/407/411 412/408/412 434/430/434 433/429/433
f 412/408/412 413/409/413 435/431/435 434/430/434
f 413/409/413 414/410/414 436/432/436 435/431/435
f 414/410/414 415/411/415 437/433/437 436/432/436
f 415/411/415 416/412/416 438/434/438 437/433/437
f 416/412/416 417/413/417 439/435/439 438/434/438
f 417/413/417 418/414/418 440/436/440 439/435/439
f 418/414/418 398/394/398 420/416/420 440/436/440
f 420/416/420 419/415/419 441/437/441 442/438/442
f 419/415/419 421/417/421 443/439/443 441/437/441
f 421/417/421 422/418/422 444/440/444 443/439/443
f 422/418/422 423/419/423 445/441/445 444/440/444
f 423/419/423 424/420/424 446/442/446 445/441/445
f 424/420/424 425/421/425 447/443/447 446/442/446
f 425/421/425 426/422/426 448/444/448 447/443/447
f 426/422/426 427/423/427 449/445/449 448/444/448
f 427/423/427 428/424/428 450/446/450 449/445/449
f 428/424/428 429/425/429 451/447/451 450/446/450
f 429/425/429 430/426/430 452/448/452 451/447/451
f 430/426/430 431/427/431 453/449/453 452/448/452
f 431/427/431 432/428/432 454/450/454 453/449/453
f 432/428/432 433/429/433 455/451/455 454/450/454
f 433/429/433 434/430/434 456/452/456 455/451/455
f 434/430/434 435/431/435 457/453/457 456/452/456
f 435/431/435 436/432/436 458/454/458 457/453/457
f 436/432/436 437/433/437 459/455/459 458/454/458
f 437/433/437 438/434/438 460/456/460 459/455/459
f 438/434/438 439/435/439 461/457/461 460/456/460
f 439/435/439 440/436/440 462/458/462 461/457/461
f 440/436/440 420/416/420 442/438/442 462/458/462
f 442/438/442 441/437/441 463/459/463 464/460/464
f 441/437/441 443/439/443 465/461/465 463/459/463
f 443/439/443 444/440/444 466/462/466 465/461/465
f 444/440/444 445/441/445 467/463/467 466/462/466
f 445/441/445 446/442/446 468/464/468 467/463/467
f 446/442/446 447/443/447 469/465/469 468/464/468
f 447/443/447 448/444/448 470/466/470 469/465/469
f 448/444/448 449/445/449 471/467/471 470/466/470
f 449/445/449 450/446/450 472/468/472 471/467/471
f 450/446/450 451/447/451 473/469/473 472/468/472
f 451/447/451 452/448/452 474/470/474 473/469/473
f 452/448/452 453/449/453 475/471/475 474/470/474
f 453/449/453 454/450/454 476/472/476 475/471/475
f 454/450/454 455/451/455 477/473/477 476/472/476
f 455/451/455 456/452/456 478/474/478 477/473/477
f 456/452/456 457/453/457 479/475/479 478/474/478
f 457/453/457 458/454/458 480/476/480 479/475/479
f 458/454/458 459/455/459 481/477/481 480/476/480
f 459/455/459 460/456/460 482/478/482 481/477/481
f 460/456/460 461/457/461 483/479/483 482/478/482
f 461/457/461 462/458/462 484/480/484 483/479/483
f 462/458/462 442/438/442 464/460/464 484/480/484
f 464/460/464 463/459/463 485/481/485 486/482/486
f 463/459/463 465/461/465 487/483/487 485/481/485
f 465/461/465 466/462/466 488/484/488 487/483/487
f 466/462/466 467/463/467 489/485/489 488/484/488
f 467/463/467 468/464/468 490/486/490 489/485/489
f 468/464/468 469/465/469 491/487/491 490/486/490
f 469/465/469 470/466/470 492/488/492 491/487/491
f 470/466/470 471/467/471 493/489/493 492/488/492
f 471/467/471 472/468/472 494/490/494 493/489/493
f 472/468/472 473/469/473 495/491/495 494/490/494
f 473/469/473 474/470/474 496/492/496 495/491/495
f 474/470/474 475/471/475 497/493/497 496/492/496
f 475/471/475 476/472/476 498/494/498 497/493/497
f 476/472/476 477/473/477 499/495/499 498/494/498
f 477/473/477 478/474/478 500/496/500 499/495/499
f 478/474/478 479/475/479 501/497/501 500/496/500
f 479/475/479 480/476/480 502/498/502 501/497/501
f 480/476/480 481/477/481 503/499/503 502/498/502
f 481/477/481 482/478/482 504/500/504 503/499/503
f 482/478/482 483/479/483 505/501/505 504/500/504
f 483/479/483 484/480/484 506/502/506 505/501/505
f 484/480/484 464/460/464 486/482/486 506/502/506
f 486/482/486 485/481/485 507/503/507 508/504/508
f 485/481/485 487/483/487 509/505/509 507/503/507
f 487/483/487 488/484/488 510/506/510 509/505/509
f 488/484/488 489/485/489 511/507/511 510/506/510
f 489/485/489 490/486/490 512/508/512 511/507/511
f 490/486/490 491/487/491 513/509/513 512/508/512
f 491/487/491 492/488/492 514/510/514 513/509/513
f 492/488/492 493/489/493 515/511/515 514/510/514
f 493/489/493 494/490/494 516/512/516 515/511/515
f 494/490/494 495/491/495 517/513/517 516/512/516
f 495/491/495 496/492/496 518/514/518 517/513/517
f 496/492/496 497/493/497 519/515/519 518/514/518
f 497/493/497 498/494/498 520/516/520 519/515/519
f 498/494/498 499/495/499 521/517/521 520/516/520
f 499/495/499 500/496/500 522/518/522 521/517/521
f 500/496/500 501/497/501 523/519/523 522/518/522
f 501/497/501 502/498/502 524/520/524 523/519/523
f 502/498/502 503/499/503 525/521/525 524/520/524
f 503/499/503 504/500/504 526/522/526 525/521/525
f 504/500/504 505/501/505 527/523/527 526/522/526
f 505/501/505 506/502/506 528/524/528 527/523/527
f 506/502/506 486/482/486 508/504/508 528/524/528
f 507/503/507 529/525/529 530/526/530 508/504/508
f 509/505/509 531/527/531 529/525/529 507/503/507
f 510/506/510 532/528/532 531/527/531 509/505/509
f 511/507/511 533/529/533 532/528/532 510/506/510
f 512/508/512 534/530/534 533/529/533 511/507/511
f 513/509/513 535/531/535 534/530/534 512/508/512
f 514/510/514 536/532/536 535/531/535 513/509/513
f 515/511/515 537/533/537 536/532/536 514/510/514
f 516/512/516 538/534/538 537/533/537 515/511/515
f 517/513/517 539/535/539 538/534/538 516/512/516
f 518/514/518 540/536/540 539/535/539 517/513/517
f 519/515/519 541/537/541 540/536/540 518/514/518
f 520/516/520 542/538/542 541/537/541 519/515/519
f 521/517/521 543/539/543 542/538/542 520/516/520
f 522/518/522 544/540/544 543/539/543 521/517/521
f 523/519/523 545/541/545 544/540/544 522/518/522
f 524/520/524 546/542/546 545/541/545 523/519/523
f 525/521/525 547/543/547 546/542/546 524/520/524
f 526/522/526 548/544/548 547/543/547 525/521/525
f 527/523/527 549/545/549 548/544/548 526/522/526
f 528/524/528 550/546/550 549/545/549 527/523/527
f 508/504/508 530/526/530 550/546/550 528/524/528
f 551/547/551 552/548/552 553/548/553 554/547/554
f 552/548/552 555/549/555 556/549/556 553/548/553
f 555/549/555 557/550/557 558/550/558 556/549/556
f 557/550/557 559/551/559 560/551/560 558/550/558
f 559/551/559 561/552/561 562/552/562 560/551/560
f 561/552/561 563/553/563 564/553/564 562/552/562
f 563/553/563 565/554/565 566/554/566 564/553/564
f 565/554/565 567/555/567 568/555/568 566/554/566
f 567/555/567 569/556/569 570/556/570 568/555/568
f 569/556/569 571/557/571 572/557/572 570/556/570
f 571/557/571 573/558/573 574/558/574 572/557/572
f 573/558/573 575/559/575 576/559/576 574/558/574
f 575/559/575 577/560/577 578/560/578 576/559/576
f 577/560/577 579/561/579 580/561/580 578/560/578
f 579/561/579 581/562/581 582/562/582 580/561/580
f 581/562/581 583/563/583 584/563/584 582/562/582
f 583/563/583 585/564/585 586/564/586 584/563/584
f 585/564/585 587/565/587 588/565/588 586/564/586
f 587/565/587 589/566/589 590/566/590 588/565/588
f 589/566/589 591/567/591 592/567/592 590/566/590
f 591/567/591 593/568/593 594/568/594 592/567/592
f 593/568/593 551/547/551 554/547/554 594/568/594
f 43/43/43 559/569/559 557/570/557 2/2/2
f 41/41/41 561/571/561 559/569/559 43/43/43
f 39/39/39 563/572/563 561/571/561 41/41/41
f 37/37/37 565/573/565 563/572/563 39/39/39
f 35/35/35 567/574/567 565/573/565 37/37/37
f 33/33/33 569/575/569 567/574/567 35/35/35
f 31/31/31 571/576/571 569/575/569 33/33/33
f 29/29/29 573/577/573 571/576/571 31/31/31
f 27/27/27 575/578/575 573/577/573 29/29/29
f 25/25/25 577/579/577 575/578/575 27/27/27
f 23/23/23 579/580/579 577/579/577 25/25/25
f 21/21/21 581/581/581 579/580/579 23/23/23
f 19/19/19 583/582/583 581/581/581 21/21/21
f 17/17/17 585/583/585 583/582/583 19/19/19
f 15/15/15 587/584/587 585/583/585 17/17/17
f 13/13/13 589/585/589 587/584/587 15/15/15
f 11/11/11 591/586/591 589/585/589 13/13/13
f 9/9/9 593/587/593 591/586/591 11/11/11
f 7/7/7 551/588/551 593/587/593 9/9/9
f 5/5/5 552/589/552 551/588/551 7/7/7
f 3/3/3 555/590/555 552/589/552 5/5/5
f 2/2/2 557/570/557 555/590/555 3/3/3
f 529/525/529 556/549/556 558/550/558 530/526/530
f 531/527/531 553/548/553 556/549/556 529/525/529
f 532/528/532 554/547/554 553/548/553 531/527/531
f 533/529/533 594/568/594 554/547/554 532/528/532
f 534/530/534 592/567/592 594/568/594 533/529/533
f 535/531/535 590/566/590 592/567/592 534/530/534
f 536/532/536 588/565/588 590/566/590 535/531/535
f 537/533/537 586/564/586 588/565/588 536/532/536
f 538/534/538 584/563/584 586/564/586 537/533/537
f 539/535/539 582/562/582 584/563/584 538/534/538
f 540/536/540 580/561/580 582/562/582 539/535/539
f 541/537/541 578/560/578 580/561/580 540/536/540
f 542/538/542 576/559/576 578/560/578 541/537/541
f 543/539/543 574/558/574 576/559/576 542/538/542
f 544/540/544 572/557/572 574/558/574 543/539/543
f 545/541/545 570/556/570 572/557/572 544/540/544
f 546/542/546 568/555/568 570/556/570 545/541/545
f 547/543/547 566/554/566 568/555/568 546/542/546
f 548/544/548 564/553/564 566/554/566 547/543/547
f 549/545/549 562/552/562 564/553/564 548/544/548
f 550/546/550 560/551/560 562/552/562 549/545/549
f 530/526/530 558/550/558 560/551/560 550/546/550
f 221/221/221 244/244/244 243/243/243 222/222/222
f 223/223/223 247/245/247 244/244/244 221/221/221
f 224/224/224 249/247/249 247/245/247 223/223/223
f 225/225/225 251/249/251 249/247/249 224/224/224
f 226/226/226 253/250/253 251/249/251 225/225/225
f 227/227/227 255/252/255 253/250/253 226/226/226
f 228/228/228 257/253/257 255/252/255 227/227/227
f 229/229/229 259/254/259 257/253/257 228/228/228
f 230/230/230 261/256/261 259/254/259 229/229/229
f 231/231/231 263/257/263 261/256/261 230/230/230
f 232/232/232 265/259/265 263/257/263 231/231/231
f 233/233/233 267/261/267 265/259/265 232/232/232
f 234/234/234 269/262/269 267/261/267 233/233/233
f 235/235/235 271/264/271 269/262/269 234/234/234
f 236/236/236 273/266/273 271/264/271 235/235/235
f 237/237/237 275/267/275 273/266/273 236/236/236
f 238/238/238 277/269/277 275/267/275 237/237/237
f 239/239/239 279/270/279 277/269/277 238/238/238
f 240/240/240 281/271/281 279/270/279 239/239/239
f 241/241/241 283/272/283 281/271/281 240/240/240
f 242/242/242 285/273/285 283/272/283 241/241/241
f 222/222/222 243/243/243 285/273/285 242/242/242
f 287/275/287 310/306/310 309/305/309 288/274/288
f 289/277/289 313/309/313 310/306/310 287/275/287
f 290/279/290 315/311/315 313/309/313 289/277/289
f 291/280/291 317/313/317 315/311/315 290/279/290
f 292/282/292 319/315/319 317/313/317 291/280/291
f 293/283/293 321/317/321 319/315/319 292/282/292
f 294/284/294 323/319/323 321/317/321 293/283/293
f 295/286/295 325/321/325 323/319/323 294/284/294
f 296/287/296 327/323/327 325/321/325 295/286/295
f 297/289/297 329/325/329 327/323/327 296/287/296
f 298/291/298 331/327/331 329/325/329 297/289/297
f 299/292/299 333/329/333 331/327/331 298/291/298
f 300/294/300 335/331/335 333/329/333 299/292/299
f 301/296/301 337/333/337 335/331/335 300/294/300
f 302/297/302 339/335/339 337/333/337 301/296/301
f 303/299/303 341/337/341 339/335/339 302/297/302
f 304/300/304 343/339/343 341/337/341 303/299/303
f 305/301/305 345/341/345 343/339/343 304/300/304
f 306/302/306 347/343/347 345/341/345 305/301/305
f 307/303/307 349/345/349 347/343/347 306/302/306
f 308/304/308 351/347/351 349/345/349 307/303/307
f 288/274/288 309/305/309 351/347/351 308/304/308
